date,year,month,month_name_th,day,site_max_m,site_max_time,site_min_m,site_min_time,site_mean_m,move_hours,dry_hours,move_windows,dry_windows,source
2026-01-01,2026,1,มกราคม,1,1.2,06:00:00,-1.234,21:00:00,0.31,11,6,03:00-14:00,18:00-00:00,"IDW from BB, PC, TC"
2026-01-02,2026,1,มกราคม,2,1.467,06:00:00,-1.344,23:00:00,0.355,11,8,04:00-15:00,00:00-02:00; 18:00-00:00,"IDW from BB, PC, TC"
2026-01-03,2026,1,มกราคม,3,1.622,07:00:00,-1.434,23:00:00,0.378,12,8,04:00-16:00,00:00-03:00; 19:00-00:00,"IDW from BB, PC, TC"
2026-01-04,2026,1,มกราคม,4,1.722,08:00:00,-1.444,00:00:00,0.385,12,8,05:00-17:00,00:00-04:00; 20:00-00:00,"IDW from BB, PC, TC"
2026-01-05,2026,1,มกราคม,5,1.722,09:00:00,-1.544,01:00:00,0.378,13,7,06:00-19:00,00:00-04:00; 21:00-00:00,"IDW from BB, PC, TC"
2026-01-06,2026,1,มกราคม,6,1.622,09:00:00,-1.534,01:00:00,0.348,11,7,07:00-15:00; 16:00-19:00,00:00-05:00; 22:00-00:00,"IDW from BB, PC, TC"
2026-01-07,2026,1,มกราคม,7,1.567,09:00:00,-1.456,02:00:00,0.324,9,6,07:00-14:00; 18:00-20:00,00:00-05:00; 23:00-00:00,"IDW from BB, PC, TC"
2026-01-08,2026,1,มกราคม,8,1.544,10:00:00,-1.278,03:00:00,0.296,6,6,08:00-14:00,00:00-06:00,"IDW from BB, PC, TC"
2026-01-09,2026,1,มกราคม,9,1.444,10:00:00,-1.023,03:00:00,0.274,5,6,08:00-13:00,00:00-06:00,"IDW from BB, PC, TC"
2026-01-10,2026,1,มกราคม,10,1.367,10:00:00,-0.656,03:00:00,0.257,5,4,08:00-13:00,01:00-05:00,"IDW from BB, PC, TC"
2026-01-11,2026,1,มกราคม,11,1.267,10:00:00,-0.3,17:00:00,0.257,5,2,08:00-13:00,17:00-19:00,"IDW from BB, PC, TC"
2026-01-12,2026,1,มกราคม,12,1.2,10:00:00,-0.5,18:00:00,0.268,6,4,07:00-13:00,17:00-21:00,"IDW from BB, PC, TC"
2026-01-13,2026,1,มกราคม,13,1.1,09:00:00,-0.633,18:00:00,0.268,6,6,07:00-13:00,17:00-23:00,"IDW from BB, PC, TC"
2026-01-14,2026,1,มกราคม,14,1.144,08:00:00,-0.789,20:00:00,0.281,8,7,05:00-13:00,17:00-00:00,"IDW from BB, PC, TC"
2026-01-15,2026,1,มกราคม,15,1.211,07:00:00,-0.921,21:00:00,0.288,9,7,04:00-13:00,17:00-00:00,"IDW from BB, PC, TC"
2026-01-16,2026,1,มกราคม,16,1.344,07:00:00,-1.044,22:00:00,0.312,9,7,04:00-13:00,00:00-01:00; 18:00-00:00,"IDW from BB, PC, TC"
2026-01-17,2026,1,มกราคม,17,1.4,07:00:00,-1.144,23:00:00,0.317,8,7,04:00-12:00,00:00-02:00; 19:00-00:00,"IDW from BB, PC, TC"
2026-01-18,2026,1,มกราคม,18,1.467,07:00:00,-1.167,23:00:00,0.312,7,7,05:00-12:00,00:00-03:00; 20:00-00:00,"IDW from BB, PC, TC"
2026-01-19,2026,1,มกราคม,19,1.489,08:00:00,-1.244,00:00:00,0.311,7,6,05:00-12:00,00:00-03:00; 21:00-00:00,"IDW from BB, PC, TC"
2026-01-20,2026,1,มกราคม,20,1.489,08:00:00,-1.389,01:00:00,0.307,8,7,06:00-13:00; 17:00-18:00,00:00-04:00; 21:00-00:00,"IDW from BB, PC, TC"
2026-01-21,2026,1,มกราคม,21,1.467,08:00:00,-1.356,01:00:00,0.3,9,7,06:00-13:00; 17:00-19:00,00:00-05:00; 22:00-00:00,"IDW from BB, PC, TC"
2026-01-22,2026,1,มกราคม,22,1.467,09:00:00,-1.333,02:00:00,0.293,7,6,07:00-12:00; 18:00-20:00,00:00-05:00; 23:00-00:00,"IDW from BB, PC, TC"
2026-01-23,2026,1,มกราคม,23,1.434,09:00:00,-1.2,02:00:00,0.28,6,6,07:00-12:00; 19:00-20:00,00:00-05:00; 23:00-00:00,"IDW from BB, PC, TC"
2026-01-24,2026,1,มกราคม,24,1.434,09:00:00,-1.0,02:00:00,0.273,5,5,07:00-12:00,00:00-05:00,"IDW from BB, PC, TC"
2026-01-25,2026,1,มกราคม,25,1.367,09:00:00,-0.7,02:00:00,0.265,5,6,07:00-12:00,01:00-05:00; 15:00-17:00,"IDW from BB, PC, TC"
2026-01-26,2026,1,มกราคม,26,1.367,09:00:00,-0.623,16:00:00,0.253,5,6,07:00-12:00,02:00-04:00; 15:00-19:00,"IDW from BB, PC, TC"
2026-01-27,2026,1,มกราคม,27,1.3,09:00:00,-0.823,17:00:00,0.246,5,6,07:00-12:00,15:00-21:00,"IDW from BB, PC, TC"
2026-01-28,2026,1,มกราคม,28,1.3,09:00:00,-0.956,18:00:00,0.259,6,7,06:00-12:00,15:00-22:00,"IDW from BB, PC, TC"
2026-01-29,2026,1,มกราคม,29,1.244,09:00:00,-1.056,19:00:00,0.293,10,8,03:00-13:00,16:00-00:00,"IDW from BB, PC, TC"
2026-01-30,2026,1,มกราคม,30,1.367,06:00:00,-1.189,22:00:00,0.324,11,7,03:00-14:00,17:00-00:00,"IDW from BB, PC, TC"
2026-01-31,2026,1,มกราคม,31,1.567,07:00:00,-1.344,23:00:00,0.352,10,7,04:00-14:00,00:00-01:00; 18:00-00:00,"IDW from BB, PC, TC"
2026-02-01,2026,2,กุมภาพันธ์,1,1.622,07:00:00,-1.434,23:00:00,0.358,12,8,04:00-16:00,00:00-03:00; 19:00-00:00,"IDW from BB, PC, TC"
2026-02-02,2026,2,กุมภาพันธ์,2,1.622,08:00:00,-1.444,00:00:00,0.354,11,6,05:00-13:00; 15:00-18:00,00:00-03:00; 21:00-00:00,"IDW from BB, PC, TC"
2026-02-03,2026,2,กุมภาพันธ์,3,1.589,08:00:00,-1.489,01:00:00,0.333,9,7,06:00-12:00; 16:00-19:00,00:00-04:00; 21:00-00:00,"IDW from BB, PC, TC"
2026-02-04,2026,2,กุมภาพันธ์,4,1.534,08:00:00,-1.434,01:00:00,0.318,9,6,06:00-12:00; 17:00-20:00,00:00-04:00; 22:00-00:00,"IDW from BB, PC, TC"
2026-02-05,2026,2,กุมภาพันธ์,5,1.511,08:00:00,-1.278,01:00:00,0.301,9,6,06:00-12:00; 18:00-21:00,00:00-05:00; 23:00-00:00,"IDW from BB, PC, TC"
2026-02-06,2026,2,กุมภาพันธ์,6,1.411,08:00:00,-1.056,02:00:00,0.285,6,5,07:00-12:00; 20:00-21:00,00:00-05:00,"IDW from BB, PC, TC"
2026-02-07,2026,2,กุมภาพันธ์,7,1.411,09:00:00,-0.733,02:00:00,0.285,5,7,07:00-12:00,00:00-05:00; 15:00-17:00,"IDW from BB, PC, TC"
2026-02-08,2026,2,กุมภาพันธ์,8,1.311,09:00:00,-0.533,15:00:00,0.275,5,6,07:00-12:00,02:00-04:00; 14:00-18:00,"IDW from BB, PC, TC"
2026-02-09,2026,2,กุมภาพันธ์,9,1.267,08:00:00,-0.689,16:00:00,0.268,4,5,07:00-11:00,14:00-19:00,"IDW from BB, PC, TC"
2026-02-10,2026,2,กุมภาพันธ์,10,1.244,08:00:00,-0.721,16:00:00,0.277,5,6,06:00-11:00,14:00-20:00,"IDW from BB, PC, TC"
2026-02-11,2026,2,กุมภาพันธ์,11,1.211,08:00:00,-0.766,17:00:00,0.267,6,6,05:00-11:00,15:00-21:00,"IDW from BB, PC, TC"
2026-02-12,2026,2,กุมภาพันธ์,12,1.189,07:00:00,-0.766,18:00:00,0.267,7,7,04:00-11:00,16:00-23:00,"IDW from BB, PC, TC"
2026-02-13,2026,2,กุมภาพันธ์,13,1.211,07:00:00,-0.844,20:00:00,0.26,8,7,03:00-11:00,17:00-00:00,"IDW from BB, PC, TC"
2026-02-14,2026,2,กุมภาพันธ์,14,1.3,06:00:00,-0.966,21:00:00,0.271,8,6,03:00-11:00,18:00-00:00,"IDW from BB, PC, TC"
2026-02-15,2026,2,กุมภาพันธ์,15,1.367,06:00:00,-1.166,23:00:00,0.277,7,6,04:00-11:00,00:00-01:00; 19:00-00:00,"IDW from BB, PC, TC"
2026-02-16,2026,2,กุมภาพันธ์,16,1.422,07:00:00,-1.233,23:00:00,0.278,7,6,04:00-11:00,00:00-02:00; 20:00-00:00,"IDW from BB, PC, TC"
2026-02-17,2026,2,กุมภาพันธ์,17,1.422,07:00:00,-1.244,00:00:00,0.28,6,6,05:00-11:00,00:00-03:00; 21:00-00:00,"IDW from BB, PC, TC"
2026-02-18,2026,2,กุมภาพันธ์,18,1.434,07:00:00,-1.311,00:00:00,0.274,7,5,05:00-11:00; 17:00-18:00,00:00-03:00; 22:00-00:00,"IDW from BB, PC, TC"
2026-02-19,2026,2,กุมภาพันธ์,19,1.401,07:00:00,-1.233,00:00:00,0.285,8,6,06:00-11:00; 17:00-20:00,00:00-04:00; 22:00-00:00,"IDW from BB, PC, TC"
2026-02-20,2026,2,กุมภาพันธ์,20,1.379,07:00:00,-1.178,01:00:00,0.28,7,5,06:00-10:00; 18:00-21:00,00:00-04:00; 23:00-00:00,"IDW from BB, PC, TC"
2026-02-21,2026,2,กุมภาพันธ์,21,1.379,08:00:00,-0.923,01:00:00,0.285,9,7,06:00-11:00; 18:00-22:00,00:00-04:00; 13:00-16:00,"IDW from BB, PC, TC"
2026-02-22,2026,2,กุมภาพันธ์,22,1.334,08:00:00,-0.8,15:00:00,0.269,9,8,06:00-11:00; 19:00-23:00,00:00-04:00; 13:00-17:00,"IDW from BB, PC, TC"
2026-02-23,2026,2,กุมภาพันธ์,23,1.334,08:00:00,-0.956,15:00:00,0.253,9,5,06:00-11:00; 20:00-00:00,13:00-18:00,"IDW from BB, PC, TC"
2026-02-24,2026,2,กุมภาพันธ์,24,1.334,08:00:00,-1.056,16:00:00,0.242,7,6,06:00-11:00; 22:00-00:00,13:00-19:00,"IDW from BB, PC, TC"
2026-02-25,2026,2,กุมภาพันธ์,25,1.311,08:00:00,-1.089,16:00:00,0.237,5,7,06:00-11:00,13:00-20:00,"IDW from BB, PC, TC"
2026-02-26,2026,2,กุมภาพันธ์,26,1.267,08:00:00,-1.056,17:00:00,0.252,10,8,01:00-11:00,14:00-22:00,"IDW from BB, PC, TC"
2026-02-27,2026,2,กุมภาพันธ์,27,1.267,07:00:00,-1.033,19:00:00,0.267,10,9,02:00-12:00,15:00-00:00,"IDW from BB, PC, TC"
2026-02-28,2026,2,กุมภาพันธ์,28,1.389,06:00:00,-1.133,21:00:00,0.289,9,7,03:00-12:00,17:00-00:00,"IDW from BB, PC, TC"
2026-03-01,2026,3,มีนาคม,1,1.489,06:00:00,-1.233,22:00:00,0.303,7,6,03:00-10:00,00:00-01:00; 19:00-00:00,"IDW from BB, PC, TC"
2026-03-02,2026,3,มีนาคม,2,1.489,06:00:00,-1.266,23:00:00,0.304,6,6,04:00-10:00,00:00-02:00; 20:00-00:00,"IDW from BB, PC, TC"
2026-03-03,2026,3,มีนาคม,3,1.467,07:00:00,-1.244,00:00:00,0.296,7,6,04:00-10:00; 17:00-18:00,00:00-03:00; 21:00-00:00,"IDW from BB, PC, TC"
2026-03-04,2026,3,มีนาคม,4,1.434,07:00:00,-1.266,00:00:00,0.288,8,5,05:00-10:00; 17:00-20:00,00:00-03:00; 22:00-00:00,"IDW from BB, PC, TC"
2026-03-05,2026,3,มีนาคม,5,1.401,07:00:00,-1.111,01:00:00,0.274,9,6,05:00-10:00; 17:00-21:00,00:00-03:00; 13:00-15:00; 23:00-00:00,"IDW from BB, PC, TC"
2026-03-06,2026,3,มีนาคม,6,1.379,07:00:00,-0.911,01:00:00,0.269,8,8,05:00-10:00; 18:00-21:00,00:00-04:00; 12:00-16:00,"IDW from BB, PC, TC"
2026-03-07,2026,3,มีนาคม,7,1.311,07:00:00,-0.811,14:00:00,0.267,7,7,06:00-10:00; 19:00-22:00,00:00-03:00; 12:00-16:00,"IDW from BB, PC, TC"
2026-03-08,2026,3,มีนาคม,8,1.279,07:00:00,-0.966,14:00:00,0.254,8,7,06:00-10:00; 19:00-23:00,01:00-03:00; 12:00-17:00,"IDW from BB, PC, TC"
2026-03-09,2026,3,มีนาคม,9,1.234,07:00:00,-1.021,15:00:00,0.257,7,6,06:00-10:00; 20:00-23:00,12:00-18:00,"IDW from BB, PC, TC"
2026-03-10,2026,3,มีนาคม,10,1.134,07:00:00,-1.044,15:00:00,0.239,5,6,06:00-10:00; 22:00-23:00,12:00-18:00,"IDW from BB, PC, TC"
2026-03-11,2026,3,มีนาคม,11,1.111,07:00:00,-1.021,15:00:00,0.23,4,6,06:00-10:00,13:00-19:00,"IDW from BB, PC, TC"
2026-03-12,2026,3,มีนาคม,12,1.079,07:00:00,-0.921,16:00:00,0.215,5,7,05:00-10:00,13:00-20:00,"IDW from BB, PC, TC"
2026-03-13,2026,3,มีนาคม,13,1.034,07:00:00,-0.866,17:00:00,0.206,7,7,03:00-10:00,14:00-21:00,"IDW from BB, PC, TC"
2026-03-14,2026,3,มีนาคม,14,1.067,06:00:00,-0.811,19:00:00,0.2,7,8,02:00-09:00,15:00-23:00,"IDW from BB, PC, TC"
2026-03-15,2026,3,มีนาคม,15,1.145,05:00:00,-0.888,21:00:00,0.201,6,7,03:00-09:00,17:00-00:00,"IDW from BB, PC, TC"
2026-03-16,2026,3,มีนาคม,16,1.245,05:00:00,-0.988,22:00:00,0.206,6,6,03:00-09:00,00:00-01:00; 19:00-00:00,"IDW from BB, PC, TC"
2026-03-17,2026,3,มีนาคม,17,1.289,05:00:00,-1.033,23:00:00,0.227,5,5,04:00-09:00,00:00-01:00; 20:00-00:00,"IDW from BB, PC, TC"
2026-03-18,2026,3,มีนาคม,18,1.289,06:00:00,-0.955,23:00:00,0.233,5,5,04:00-09:00,00:00-02:00; 21:00-00:00,"IDW from BB, PC, TC"
2026-03-19,2026,3,มีนาคม,19,1.301,06:00:00,-0.988,00:00:00,0.243,8,6,04:00-09:00; 17:00-20:00,00:00-02:00; 12:00-14:00; 22:00-00:00,"IDW from BB, PC, TC"
2026-03-20,2026,3,มีนาคม,20,1.246,06:00:00,-0.933,00:00:00,0.246,8,8,05:00-09:00; 17:00-21:00,00:00-03:00; 11:00-15:00; 23:00-00:00,"IDW from BB, PC, TC"
2026-03-21,2026,3,มีนาคม,21,1.379,19:00:00,-1.0,13:00:00,0.248,9,8,05:00-09:00; 17:00-22:00,00:00-03:00; 11:00-16:00,"IDW from BB, PC, TC"
2026-03-22,2026,3,มีนาคม,22,1.401,20:00:00,-1.189,14:00:00,0.232,9,9,05:00-09:00; 18:00-23:00,00:00-03:00; 11:00-17:00,"IDW from BB, PC, TC"
2026-03-23,2026,3,มีนาคม,23,1.379,21:00:00,-1.367,14:00:00,0.221,9,6,05:00-09:00; 19:00-00:00,11:00-17:00,"IDW from BB, PC, TC"
2026-03-24,2026,3,มีนาคม,24,1.234,07:00:00,-1.367,14:00:00,0.207,7,6,06:00-09:00; 20:00-00:00,12:00-18:00,"IDW from BB, PC, TC"
2026-03-25,2026,3,มีนาคม,25,1.211,07:00:00,-1.367,15:00:00,0.203,8,7,00:00-01:00; 05:00-10:00; 22:00-00:00,12:00-19:00,"IDW from BB, PC, TC"
2026-03-26,2026,3,มีนาคม,26,1.134,07:00:00,-1.289,16:00:00,0.194,11,7,00:00-10:00; 23:00-00:00,13:00-20:00,"IDW from BB, PC, TC"
2026-03-27,2026,3,มีนาคม,27,1.089,01:00:00,-1.133,17:00:00,0.203,10,9,00:00-10:00,13:00-22:00,"IDW from BB, PC, TC"
2026-03-28,2026,3,มีนาคม,28,1.189,03:00:00,-1.011,18:00:00,0.214,8,8,01:00-09:00,15:00-23:00,"IDW from BB, PC, TC"
2026-03-29,2026,3,มีนาคม,29,1.289,04:00:00,-0.944,21:00:00,0.223,6,7,02:00-08:00,17:00-00:00,"IDW from BB, PC, TC"
2026-03-30,2026,3,มีนาคม,30,1.289,04:00:00,-0.911,22:00:00,0.225,5,5,03:00-08:00,19:00-00:00,"IDW from BB, PC, TC"
2026-03-31,2026,3,มีนาคม,31,1.289,05:00:00,-0.844,23:00:00,0.233,5,4,03:00-08:00,00:00-01:00; 21:00-00:00,"IDW from BB, PC, TC"
2026-04-01,2026,4,เมษายน,1,1.256,05:00:00,-0.711,23:00:00,0.224,6,7,04:00-08:00; 17:00-19:00,00:00-01:00; 10:00-14:00; 22:00-00:00,"IDW from BB, PC, TC"
2026-04-02,2026,4,เมษายน,2,1.156,05:00:00,-0.888,12:00:00,0.215,7,8,04:00-08:00; 17:00-20:00,00:00-02:00; 10:00-15:00; 23:00-00:00,"IDW from BB, PC, TC"
2026-04-03,2026,4,เมษายน,3,1.246,19:00:00,-1.088,13:00:00,0.22,8,7,04:00-08:00; 17:00-21:00,00:00-02:00; 10:00-15:00,"IDW from BB, PC, TC"
2026-04-04,2026,4,เมษายน,4,1.323,20:00:00,-1.166,13:00:00,0.215,7,8,05:00-08:00; 18:00-22:00,00:00-02:00; 10:00-16:00,"IDW from BB, PC, TC"
2026-04-05,2026,4,เมษายน,5,1.323,20:00:00,-1.244,13:00:00,0.21,8,7,05:00-08:00; 18:00-23:00,10:00-17:00,"IDW from BB, PC, TC"
2026-04-06,2026,4,เมษายน,6,1.279,21:00:00,-1.321,14:00:00,0.195,8,6,05:00-08:00; 19:00-00:00,11:00-17:00,"IDW from BB, PC, TC"
2026-04-07,2026,4,เมษายน,7,1.189,21:00:00,-1.299,14:00:00,0.192,6,7,06:00-08:00; 20:00-00:00,11:00-18:00,"IDW from BB, PC, TC"
2026-04-08,2026,4,เมษายน,8,1.089,22:00:00,-1.277,15:00:00,0.166,6,7,06:00-09:00; 21:00-00:00,11:00-18:00,"IDW from BB, PC, TC"
2026-04-09,2026,4,เมษายน,9,0.945,23:00:00,-1.221,15:00:00,0.15,6,7,00:00-01:00; 06:00-09:00; 22:00-00:00,12:00-19:00,"IDW from BB, PC, TC"
2026-04-10,2026,4,เมษายน,10,0.945,00:00:00,-1.166,16:00:00,0.128,5,8,00:00-02:00; 06:00-08:00; 23:00-00:00,12:00-20:00,"IDW from BB, PC, TC"
2026-04-11,2026,4,เมษายน,11,0.945,00:00:00,-1.044,17:00:00,0.117,4,8,00:00-04:00,13:00-21:00,"IDW from BB, PC, TC"
2026-04-12,2026,4,เมษายน,12,0.989,02:00:00,-0.888,18:00:00,0.114,5,8,01:00-06:00,14:00-22:00,"IDW from BB, PC, TC"
2026-04-13,2026,4,เมษายน,13,1.089,03:00:00,-0.733,20:00:00,0.128,5,7,01:00-06:00,16:00-23:00,"IDW from BB, PC, TC"
2026-04-14,2026,4,เมษายน,14,1.089,04:00:00,-0.688,21:00:00,0.144,4,5,02:00-06:00,19:00-00:00,"IDW from BB, PC, TC"
2026-04-15,2026,4,เมษายน,15,1.056,04:00:00,-0.633,22:00:00,0.144,3,7,03:00-06:00,10:00-13:00; 20:00-00:00,"IDW from BB, PC, TC"
2026-04-16,2026,4,เมษายน,16,1.056,04:00:00,-0.81,11:00:00,0.176,4,8,03:00-06:00; 17:00-18:00,00:00-01:00; 09:00-14:00; 22:00-00:00,"IDW from BB, PC, TC"
2026-04-17,2026,4,เมษายน,17,1.201,18:00:00,-1.088,12:00:00,0.185,6,8,04:00-07:00; 17:00-20:00,00:00-01:00; 09:00-15:00; 23:00-00:00,"IDW from BB, PC, TC"
2026-04-18,2026,4,เมษายน,18,1.401,18:00:00,-1.333,12:00:00,0.192,8,7,04:00-07:00; 17:00-22:00,00:00-01:00; 09:00-15:00,"IDW from BB, PC, TC"
2026-04-19,2026,4,เมษายน,19,1.501,19:00:00,-1.511,13:00:00,0.173,9,7,04:00-07:00; 17:00-23:00,09:00-16:00,"IDW from BB, PC, TC"
2026-04-20,2026,4,เมษายน,20,1.534,20:00:00,-1.589,13:00:00,0.164,8,7,05:00-07:00; 18:00-00:00,10:00-17:00,"IDW from BB, PC, TC"
2026-04-21,2026,4,เมษายน,21,1.456,21:00:00,-1.644,14:00:00,0.139,8,8,05:00-08:00; 19:00-00:00,10:00-18:00,"IDW from BB, PC, TC"
2026-04-22,2026,4,เมษายน,22,1.389,22:00:00,-1.622,15:00:00,0.131,8,8,00:00-01:00; 05:00-08:00; 20:00-00:00,11:00-19:00,"IDW from BB, PC, TC"
2026-04-23,2026,4,เมษายน,23,1.245,23:00:00,-1.522,15:00:00,0.127,8,8,00:00-03:00; 06:00-09:00; 22:00-00:00,11:00-19:00,"IDW from BB, PC, TC"
2026-04-24,2026,4,เมษายน,24,1.322,00:00:00,-1.389,16:00:00,0.126,7,8,00:00-05:00; 07:00-08:00; 23:00-00:00,12:00-20:00,"IDW from BB, PC, TC"
2026-04-25,2026,4,เมษายน,25,1.222,01:00:00,-1.166,17:00:00,0.126,5,8,00:00-05:00,13:00-21:00,"IDW from BB, PC, TC"
2026-04-26,2026,4,เมษายน,26,1.189,01:00:00,-0.911,18:00:00,0.133,5,7,00:00-05:00,15:00-22:00,"IDW from BB, PC, TC"
2026-04-27,2026,4,เมษายน,27,1.134,03:00:00,-0.611,19:00:00,0.141,4,5,01:00-05:00,17:00-22:00,"IDW from BB, PC, TC"
2026-04-28,2026,4,เมษายน,28,1.089,03:00:00,-0.533,10:00:00,0.137,4,6,02:00-06:00,09:00-12:00; 20:00-23:00,"IDW from BB, PC, TC"
2026-04-29,2026,4,เมษายน,29,0.989,03:00:00,-0.866,11:00:00,0.138,3,6,02:00-05:00,08:00-14:00,"IDW from BB, PC, TC"
2026-04-30,2026,4,เมษายน,30,0.956,04:00:00,-1.144,11:00:00,0.14,4,6,03:00-05:00; 17:00-19:00,08:00-14:00,"IDW from BB, PC, TC"
2026-05-01,2026,5,พฤษภาคม,1,1.201,18:00:00,-1.344,12:00:00,0.135,5,6,04:00-05:00; 17:00-21:00,09:00-15:00,"IDW from BB, PC, TC"
2026-05-02,2026,5,พฤษภาคม,2,1.346,19:00:00,-1.421,12:00:00,0.135,6,6,04:00-05:00; 17:00-22:00,09:00-15:00,"IDW from BB, PC, TC"
2026-05-03,2026,5,พฤษภาคม,3,1.346,19:00:00,-1.421,13:00:00,0.125,5,7,18:00-23:00,09:00-16:00,"IDW from BB, PC, TC"
2026-05-04,2026,5,พฤษภาคม,4,1.346,20:00:00,-1.467,13:00:00,0.119,5,8,18:00-23:00,09:00-17:00,"IDW from BB, PC, TC"
2026-05-05,2026,5,พฤษภาคม,5,1.301,21:00:00,-1.444,14:00:00,0.101,5,7,19:00-00:00,10:00-17:00,"IDW from BB, PC, TC"
2026-05-06,2026,5,พฤษภาคม,6,1.234,21:00:00,-1.467,14:00:00,0.081,4,8,20:00-00:00,10:00-18:00,"IDW from BB, PC, TC"
2026-05-07,2026,5,พฤษภาคม,7,1.189,22:00:00,-1.421,15:00:00,0.067,4,7,00:00-01:00; 21:00-00:00,11:00-18:00,"IDW from BB, PC, TC"
2026-05-08,2026,5,พฤษภาคม,8,1.145,23:00:00,-1.389,15:00:00,0.045,4,8,00:00-01:00; 21:00-00:00,11:00-19:00,"IDW from BB, PC, TC"
2026-05-09,2026,5,พฤษภาคม,9,1.089,00:00:00,-1.266,15:00:00,0.037,4,8,00:00-02:00; 22:00-00:00,12:00-20:00,"IDW from BB, PC, TC"
2026-05-10,2026,5,พฤษภาคม,10,1.089,00:00:00,-1.111,16:00:00,0.036,4,8,00:00-03:00; 23:00-00:00,12:00-20:00,"IDW from BB, PC, TC"
2026-05-11,2026,5,พฤษภาคม,11,1.089,01:00:00,-0.888,17:00:00,0.043,3,8,00:00-03:00,13:00-21:00,"IDW from BB, PC, TC"
2026-05-12,2026,5,พฤษภาคม,12,0.956,01:00:00,-0.555,18:00:00,0.046,4,6,00:00-04:00,15:00-21:00,"IDW from BB, PC, TC"
2026-05-13,2026,5,พฤษภาคม,13,0.934,02:00:00,-0.533,09:00:00,0.069,3,4,01:00-04:00,08:00-12:00,"IDW from BB, PC, TC"
2026-05-14,2026,5,พฤษภาคม,14,0.856,02:00:00,-0.933,10:00:00,0.081,2,6,02:00-04:00,07:00-13:00,"IDW from BB, PC, TC"
2026-05-15,2026,5,พฤษภาคม,15,0.979,17:00:00,-1.211,10:00:00,0.106,3,7,16:00-19:00,07:00-14:00,"IDW from BB, PC, TC"
2026-05-16,2026,5,พฤษภาคม,16,1.301,18:00:00,-1.444,11:00:00,0.1,5,8,16:00-21:00,07:00-15:00,"IDW from BB, PC, TC"
2026-05-17,2026,5,พฤษภาคม,17,1.501,19:00:00,-1.599,12:00:00,0.093,6,7,17:00-23:00,08:00-15:00,"IDW from BB, PC, TC"
2026-05-18,2026,5,พฤษภาคม,18,1.534,20:00:00,-1.699,13:00:00,0.072,6,8,18:00-00:00,08:00-16:00,"IDW from BB, PC, TC"
2026-05-19,2026,5,พฤษภาคม,19,1.589,21:00:00,-1.722,13:00:00,0.062,5,8,19:00-00:00,09:00-17:00,"IDW from BB, PC, TC"
2026-05-20,2026,5,พฤษภาคม,20,1.522,22:00:00,-1.8,14:00:00,0.043,5,8,00:00-01:00; 20:00-00:00,10:00-18:00,"IDW from BB, PC, TC"
2026-05-21,2026,5,พฤษภาคม,21,1.445,23:00:00,-1.755,15:00:00,0.044,5,9,00:00-02:00; 21:00-00:00,10:00-19:00,"IDW from BB, PC, TC"
2026-05-22,2026,5,พฤษภาคม,22,1.345,23:00:00,-1.644,16:00:00,0.05,6,9,00:00-03:00; 21:00-00:00,11:00-20:00,"IDW from BB, PC, TC"
2026-05-23,2026,5,พฤษภาคม,23,1.322,00:00:00,-1.411,16:00:00,0.051,5,8,00:00-03:00; 22:00-00:00,12:00-20:00,"IDW from BB, PC, TC"
2026-05-24,2026,5,พฤษภาคม,24,1.289,00:00:00,-1.133,17:00:00,0.067,4,7,00:00-03:00; 23:00-00:00,13:00-20:00,"IDW from BB, PC, TC"
2026-05-25,2026,5,พฤษภาคม,25,1.167,01:00:00,-0.678,17:00:00,0.061,3,5,00:00-03:00,15:00-20:00,"IDW from BB, PC, TC"
2026-05-26,2026,5,พฤษภาคม,26,1.034,01:00:00,-0.555,08:00:00,0.071,3,4,00:00-03:00,07:00-11:00,"IDW from BB, PC, TC"
2026-05-27,2026,5,พฤษภาคม,27,0.856,01:00:00,-0.911,09:00:00,0.068,2,6,01:00-03:00,07:00-13:00,"IDW from BB, PC, TC"
2026-05-28,2026,5,พฤษภาคม,28,0.734,02:00:00,-1.144,10:00:00,0.071,0,7,-,07:00-14:00,"IDW from BB, PC, TC"
2026-05-29,2026,5,พฤษภาคม,29,1.011,18:00:00,-1.321,10:00:00,0.056,3,7,17:00-20:00,07:00-14:00,"IDW from BB, PC, TC"
2026-05-30,2026,5,พฤษภาคม,30,1.179,18:00:00,-1.477,11:00:00,0.043,5,8,17:00-22:00,07:00-15:00,"IDW from BB, PC, TC"
2026-05-31,2026,5,พฤษภาคม,31,1.279,19:00:00,-1.477,12:00:00,0.039,5,8,17:00-22:00,07:00-15:00,"IDW from BB, PC, TC"
2026-06-01,2026,6,มิถุนายน,1,1.279,20:00:00,-1.499,12:00:00,0.029,5,8,18:00-23:00,08:00-16:00,"IDW from BB, PC, TC"
2026-06-02,2026,6,มิถุนายน,2,1.301,20:00:00,-1.499,13:00:00,0.013,5,9,19:00-00:00,08:00-17:00,"IDW from BB, PC, TC"
2026-06-03,2026,6,มิถุนายน,3,1.234,21:00:00,-1.521,14:00:00,0.005,5,8,19:00-00:00,09:00-17:00,"IDW from BB, PC, TC"
2026-06-04,2026,6,มิถุนายน,4,1.267,22:00:00,-1.544,14:00:00,-0.0,4,8,20:00-00:00,10:00-18:00,"IDW from BB, PC, TC"
2026-06-05,2026,6,มิถุนายน,5,1.267,22:00:00,-1.566,15:00:00,-0.009,5,8,00:00-01:00; 20:00-00:00,10:00-18:00,"IDW from BB, PC, TC"
2026-06-06,2026,6,มิถุนายน,6,1.234,23:00:00,-1.489,15:00:00,-0.018,4,8,00:00-01:00; 21:00-00:00,11:00-19:00,"IDW from BB, PC, TC"
2026-06-07,2026,6,มิถุนายน,7,1.167,23:00:00,-1.333,15:00:00,-0.014,4,8,00:00-02:00; 22:00-00:00,11:00-19:00,"IDW from BB, PC, TC"
2026-06-08,2026,6,มิถุนายน,8,1.111,00:00:00,-1.111,16:00:00,-0.009,4,7,00:00-02:00; 22:00-00:00,12:00-19:00,"IDW from BB, PC, TC"
2026-06-09,2026,6,มิถุนายน,9,1.034,00:00:00,-0.755,17:00:00,0.006,3,6,00:00-02:00; 23:00-00:00,13:00-19:00,"IDW from BB, PC, TC"
2026-06-10,2026,6,มิถุนายน,10,0.934,00:00:00,-0.533,07:00:00,0.015,2,6,00:00-02:00,06:00-10:00; 17:00-19:00,"IDW from BB, PC, TC"
2026-06-11,2026,6,มิถุนายน,11,0.789,00:00:00,-0.855,08:00:00,0.022,0,7,-,05:00-12:00,"IDW from BB, PC, TC"
2026-06-12,2026,6,มิถุนายน,12,0.722,00:00:00,-1.211,09:00:00,0.031,0,8,-,05:00-13:00,"IDW from BB, PC, TC"
2026-06-13,2026,6,มิถุนายน,13,1.034,17:00:00,-1.411,09:00:00,0.025,5,8,16:00-21:00,06:00-14:00,"IDW from BB, PC, TC"
2026-06-14,2026,6,มิถุนายน,14,1.334,18:00:00,-1.589,10:00:00,0.029,5,9,17:00-22:00,06:00-15:00,"IDW from BB, PC, TC"
2026-06-15,2026,6,มิถุนายน,15,1.467,20:00:00,-1.722,12:00:00,0.005,7,9,17:00-00:00,07:00-16:00,"IDW from BB, PC, TC"
2026-06-16,2026,6,มิถุนายน,16,1.534,21:00:00,-1.822,13:00:00,-0.016,6,10,18:00-00:00,07:00-17:00,"IDW from BB, PC, TC"
2026-06-17,2026,6,มิถุนายน,17,1.545,21:00:00,-1.899,14:00:00,-0.017,6,9,00:00-01:00; 19:00-00:00,08:00-17:00,"IDW from BB, PC, TC"
2026-06-18,2026,6,มิถุนายน,18,1.522,22:00:00,-1.844,14:00:00,-0.008,5,9,00:00-01:00; 20:00-00:00,09:00-18:00,"IDW from BB, PC, TC"
2026-06-19,2026,6,มิถุนายน,19,1.422,22:00:00,-1.799,15:00:00,0.005,6,9,00:00-02:00; 20:00-00:00,10:00-19:00,"IDW from BB, PC, TC"
2026-06-20,2026,6,มิถุนายน,20,1.322,22:00:00,-1.589,16:00:00,0.012,5,8,00:00-02:00; 21:00-00:00,11:00-19:00,"IDW from BB, PC, TC"
2026-06-21,2026,6,มิถุนายน,21,1.222,00:00:00,-1.289,16:00:00,0.019,5,7,00:00-02:00; 21:00-00:00,12:00-19:00,"IDW from BB, PC, TC"
2026-06-22,2026,6,มิถุนายน,22,1.167,00:00:00,-0.856,16:00:00,0.027,4,6,00:00-02:00; 22:00-00:00,13:00-19:00,"IDW from BB, PC, TC"
2026-06-23,2026,6,มิถุนายน,23,1.034,00:00:00,-0.578,06:00:00,0.031,3,7,00:00-02:00; 23:00-00:00,05:00-10:00; 16:00-18:00,"IDW from BB, PC, TC"
2026-06-24,2026,6,มิถุนายน,24,0.867,00:00:00,-0.833,07:00:00,0.033,1,6,00:00-01:00,05:00-11:00,"IDW from BB, PC, TC"
2026-06-25,2026,6,มิถุนายน,25,0.767,00:00:00,-1.033,08:00:00,0.028,0,8,-,05:00-13:00,"IDW from BB, PC, TC"
2026-06-26,2026,6,มิถุนายน,26,0.811,17:00:00,-1.221,09:00:00,0.012,3,8,17:00-20:00,05:00-13:00,"IDW from BB, PC, TC"
2026-06-27,2026,6,มิถุนายน,27,1.056,18:00:00,-1.321,09:00:00,-0.01,4,9,17:00-21:00,05:00-14:00,"IDW from BB, PC, TC"
2026-06-28,2026,6,มิถุนายน,28,1.211,19:00:00,-1.377,10:00:00,-0.013,5,9,17:00-22:00,06:00-15:00,"IDW from BB, PC, TC"
2026-06-29,2026,6,มิถุนายน,29,1.234,19:00:00,-1.422,11:00:00,-0.025,5,9,18:00-23:00,06:00-15:00,"IDW from BB, PC, TC"
2026-06-30,2026,6,มิถุนายน,30,1.311,20:00:00,-1.499,12:00:00,-0.036,5,9,18:00-23:00,07:00-16:00,"IDW from BB, PC, TC"
2026-07-01,2026,7,กรกฎาคม,1,1.267,20:00:00,-1.567,13:00:00,-0.047,5,9,19:00-00:00,08:00-17:00,"IDW from BB, PC, TC"
2026-07-02,2026,7,กรกฎาคม,2,1.267,21:00:00,-1.633,14:00:00,-0.046,5,8,19:00-00:00,09:00-17:00,"IDW from BB, PC, TC"
2026-07-03,2026,7,กรกฎาคม,3,1.267,21:00:00,-1.611,14:00:00,-0.043,4,9,20:00-00:00,09:00-18:00,"IDW from BB, PC, TC"
2026-07-04,2026,7,กรกฎาคม,4,1.267,21:00:00,-1.556,14:00:00,-0.036,4,8,20:00-00:00,10:00-18:00,"IDW from BB, PC, TC"
2026-07-05,2026,7,กรกฎาคม,5,1.211,22:00:00,-1.433,15:00:00,-0.032,5,7,00:00-01:00; 20:00-00:00,11:00-18:00,"IDW from BB, PC, TC"
2026-07-06,2026,7,กรกฎาคม,6,1.111,22:00:00,-1.2,15:00:00,-0.014,4,7,00:00-01:00; 21:00-00:00,11:00-18:00,"IDW from BB, PC, TC"
2026-07-07,2026,7,กรกฎาคม,7,0.989,22:00:00,-0.878,16:00:00,-0.004,4,8,00:00-01:00; 21:00-00:00,04:00-06:00; 12:00-18:00,"IDW from BB, PC, TC"
2026-07-08,2026,7,กรกฎาคม,8,0.922,22:00:00,-0.678,05:00:00,0.011,3,8,21:00-00:00,04:00-08:00; 14:00-18:00,"IDW from BB, PC, TC"
2026-07-09,2026,7,กรกฎาคม,9,0.855,22:00:00,-0.878,06:00:00,0.018,2,7,22:00-00:00,03:00-10:00,"IDW from BB, PC, TC"
2026-07-10,2026,7,กรกฎาคม,10,0.755,22:00:00,-1.133,06:00:00,0.007,0,8,-,03:00-11:00,"IDW from BB, PC, TC"
2026-07-11,2026,7,กรกฎาคม,11,0.867,17:00:00,-1.333,08:00:00,0.007,4,8,16:00-20:00,04:00-12:00,"IDW from BB, PC, TC"
2026-07-12,2026,7,กรกฎาคม,12,1.167,18:00:00,-1.511,09:00:00,-0.007,6,10,16:00-22:00,04:00-14:00,"IDW from BB, PC, TC"
2026-07-13,2026,7,กรกฎาคม,13,1.367,19:00:00,-1.589,10:00:00,-0.021,6,10,17:00-23:00,05:00-15:00,"IDW from BB, PC, TC"
2026-07-14,2026,7,กรกฎาคม,14,1.522,20:00:00,-1.767,12:00:00,-0.034,7,10,17:00-00:00,06:00-16:00,"IDW from BB, PC, TC"
2026-07-15,2026,7,กรกฎาคม,15,1.522,20:00:00,-1.867,13:00:00,-0.034,6,10,18:00-00:00,07:00-17:00,"IDW from BB, PC, TC"
2026-07-16,2026,7,กรกฎาคม,16,1.522,21:00:00,-1.912,13:00:00,-0.033,5,9,19:00-00:00,08:00-17:00,"IDW from BB, PC, TC"
2026-07-17,2026,7,กรกฎาคม,17,1.455,21:00:00,-1.867,14:00:00,-0.01,5,9,19:00-00:00,09:00-18:00,"IDW from BB, PC, TC"
2026-07-18,2026,7,กรกฎาคม,18,1.355,22:00:00,-1.634,14:00:00,0.015,4,7,20:00-00:00,11:00-18:00,"IDW from BB, PC, TC"
2026-07-19,2026,7,กรกฎาคม,19,1.3,22:00:00,-1.311,15:00:00,0.032,4,6,20:00-00:00,12:00-18:00,"IDW from BB, PC, TC"
2026-07-20,2026,7,กรกฎาคม,20,1.167,22:00:00,-0.956,15:00:00,0.038,3,8,21:00-00:00,03:00-06:00; 13:00-18:00,"IDW from BB, PC, TC"
2026-07-21,2026,7,กรกฎาคม,21,1.0,22:00:00,-0.7,04:00:00,0.045,3,9,21:00-00:00,03:00-08:00; 14:00-18:00,"IDW from BB, PC, TC"
2026-07-22,2026,7,กรกฎาคม,22,0.9,22:00:00,-0.9,05:00:00,0.043,2,6,21:00-23:00,03:00-09:00,"IDW from BB, PC, TC"
2026-07-23,2026,7,กรกฎาคม,23,0.832,21:00:00,-1.033,06:00:00,0.036,1,7,21:00-22:00,03:00-10:00,"IDW from BB, PC, TC"
2026-07-24,2026,7,กรกฎาคม,24,0.8,19:00:00,-1.089,06:00:00,0.022,0,9,-,03:00-12:00,"IDW from BB, PC, TC"
2026-07-25,2026,7,กรกฎาคม,25,0.944,18:00:00,-1.121,07:00:00,0.003,4,10,17:00-21:00,03:00-13:00,"IDW from BB, PC, TC"
2026-07-26,2026,7,กรกฎาคม,26,1.089,18:00:00,-1.221,08:00:00,-0.018,5,9,16:00-21:00,04:00-13:00,"IDW from BB, PC, TC"
2026-07-27,2026,7,กรกฎาคม,27,1.211,19:00:00,-1.321,10:00:00,-0.029,5,9,17:00-22:00,05:00-14:00,"IDW from BB, PC, TC"
2026-07-28,2026,7,กรกฎาคม,28,1.267,19:00:00,-1.444,11:00:00,-0.041,5,9,17:00-22:00,06:00-15:00,"IDW from BB, PC, TC"
2026-07-29,2026,7,กรกฎาคม,29,1.267,19:00:00,-1.544,12:00:00,-0.043,5,9,18:00-23:00,07:00-16:00,"IDW from BB, PC, TC"
2026-07-30,2026,7,กรกฎาคม,30,1.322,20:00:00,-1.589,13:00:00,-0.037,5,8,18:00-23:00,08:00-16:00,"IDW from BB, PC, TC"
2026-07-31,2026,7,กรกฎาคม,31,1.3,20:00:00,-1.611,13:00:00,-0.033,4,8,19:00-23:00,09:00-17:00,"IDW from BB, PC, TC"
2026-08-01,2026,8,สิงหาคม,1,1.3,21:00:00,-1.533,14:00:00,-0.014,4,7,19:00-23:00,10:00-17:00,"IDW from BB, PC, TC"
2026-08-02,2026,8,สิงหาคม,2,1.244,21:00:00,-1.4,14:00:00,0.001,4,7,19:00-23:00,10:00-17:00,"IDW from BB, PC, TC"
2026-08-03,2026,8,สิงหาคม,3,1.167,21:00:00,-1.2,14:00:00,0.02,3,9,20:00-23:00,02:00-05:00; 11:00-17:00,"IDW from BB, PC, TC"
2026-08-04,2026,8,สิงหาคม,4,1.067,21:00:00,-0.878,15:00:00,0.037,3,9,20:00-23:00,02:00-06:00; 12:00-17:00,"IDW from BB, PC, TC"
2026-08-05,2026,8,สิงหาคม,5,1.022,21:00:00,-0.845,04:00:00,0.053,3,8,20:00-23:00,02:00-07:00; 14:00-17:00,"IDW from BB, PC, TC"
2026-08-06,2026,8,สิงหาคม,6,1.0,21:00:00,-1.056,04:00:00,0.069,3,6,20:00-23:00,02:00-08:00,"IDW from BB, PC, TC"
2026-08-07,2026,8,สิงหาคม,7,0.955,21:00:00,-1.189,05:00:00,0.065,3,7,20:00-23:00,02:00-09:00,"IDW from BB, PC, TC"
2026-08-08,2026,8,สิงหาคม,8,0.932,21:00:00,-1.289,06:00:00,0.044,5,9,18:00-23:00,02:00-11:00,"IDW from BB, PC, TC"
2026-08-09,2026,8,สิงหาคม,9,1.1,17:00:00,-1.356,07:00:00,0.02,8,9,15:00-23:00,03:00-12:00,"IDW from BB, PC, TC"
2026-08-10,2026,8,สิงหาคม,10,1.322,18:00:00,-1.489,09:00:00,0.003,7,9,16:00-23:00,04:00-13:00,"IDW from BB, PC, TC"
2026-08-11,2026,8,สิงหาคม,11,1.422,18:00:00,-1.611,10:00:00,-0.015,7,9,16:00-23:00,05:00-14:00,"IDW from BB, PC, TC"
2026-08-12,2026,8,สิงหาคม,12,1.522,19:00:00,-1.734,11:00:00,-0.011,6,9,17:00-23:00,06:00-15:00,"IDW from BB, PC, TC"
2026-08-13,2026,8,สิงหาคม,13,1.455,20:00:00,-1.767,12:00:00,0.002,5,8,18:00-23:00,08:00-16:00,"IDW from BB, PC, TC"
2026-08-14,2026,8,สิงหาคม,14,1.422,20:00:00,-1.711,13:00:00,0.024,5,7,18:00-23:00,09:00-16:00,"IDW from BB, PC, TC"
2026-08-15,2026,8,สิงหาคม,15,1.355,20:00:00,-1.534,13:00:00,0.05,5,7,18:00-23:00,10:00-17:00,"IDW from BB, PC, TC"
2026-08-16,2026,8,สิงหาคม,16,1.3,20:00:00,-1.256,14:00:00,0.074,4,8,19:00-23:00,02:00-04:00; 11:00-17:00,"IDW from BB, PC, TC"
2026-08-17,2026,8,สิงหาคม,17,1.2,20:00:00,-0.856,14:00:00,0.095,4,9,19:00-23:00,01:00-05:00; 12:00-17:00,"IDW from BB, PC, TC"
2026-08-18,2026,8,สิงหาคม,18,1.1,20:00:00,-0.933,03:00:00,0.1,4,8,19:00-23:00,01:00-06:00; 13:00-16:00,"IDW from BB, PC, TC"
2026-08-19,2026,8,สิงหาคม,19,1.032,20:00:00,-1.033,04:00:00,0.102,4,6,19:00-23:00,01:00-07:00,"IDW from BB, PC, TC"
2026-08-20,2026,8,สิงหาคม,20,0.932,20:00:00,-1.111,04:00:00,0.096,3,7,19:00-22:00,01:00-08:00,"IDW from BB, PC, TC"
2026-08-21,2026,8,สิงหาคม,21,0.9,20:00:00,-1.089,05:00:00,0.09,3,7,19:00-22:00,02:00-09:00,"IDW from BB, PC, TC"
2026-08-22,2026,8,สิงหาคม,22,0.9,19:00:00,-1.121,05:00:00,0.065,4,8,17:00-21:00,02:00-10:00,"IDW from BB, PC, TC"
2026-08-23,2026,8,สิงหาคม,23,0.944,17:00:00,-1.089,06:00:00,0.031,5,9,16:00-21:00,02:00-11:00,"IDW from BB, PC, TC"
2026-08-24,2026,8,สิงหาคม,24,1.1,17:00:00,-1.121,08:00:00,0.014,5,10,16:00-21:00,03:00-13:00,"IDW from BB, PC, TC"
2026-08-25,2026,8,สิงหาคม,25,1.2,18:00:00,-1.233,10:00:00,0.001,5,9,16:00-21:00,05:00-14:00,"IDW from BB, PC, TC"
2026-08-26,2026,8,สิงหาคม,26,1.255,18:00:00,-1.366,11:00:00,-0.002,5,8,16:00-21:00,06:00-14:00,"IDW from BB, PC, TC"
2026-08-27,2026,8,สิงหาคม,27,1.322,19:00:00,-1.389,11:00:00,0.007,5,8,17:00-22:00,07:00-15:00,"IDW from BB, PC, TC"
2026-08-28,2026,8,สิงหาคม,28,1.3,19:00:00,-1.433,12:00:00,0.013,5,7,17:00-22:00,08:00-15:00,"IDW from BB, PC, TC"
2026-08-29,2026,8,สิงหาคม,29,1.222,19:00:00,-1.333,12:00:00,0.031,4,7,18:00-22:00,09:00-16:00,"IDW from BB, PC, TC"
2026-08-30,2026,8,สิงหาคม,30,1.2,20:00:00,-1.233,13:00:00,0.063,4,8,18:00-22:00,01:00-03:00; 10:00-16:00,"IDW from BB, PC, TC"
2026-08-31,2026,8,สิงหาคม,31,1.167,19:00:00,-0.978,13:00:00,0.093,5,9,07:00-08:00; 18:00-22:00,00:00-04:00; 11:00-16:00,"IDW from BB, PC, TC"
2026-09-01,2026,9,กันยายน,1,1.1,20:00:00,-0.9,02:00:00,0.117,6,9,07:00-09:00; 18:00-22:00,00:00-05:00; 12:00-16:00,"IDW from BB, PC, TC"
2026-09-02,2026,9,กันยายน,2,1.1,20:00:00,-1.1,03:00:00,0.139,5,7,08:00-10:00; 19:00-22:00,00:00-05:00; 14:00-16:00,"IDW from BB, PC, TC"
2026-09-03,2026,9,กันยายน,3,1.055,20:00:00,-1.211,03:00:00,0.152,5,6,09:00-11:00; 19:00-22:00,00:00-06:00,"IDW from BB, PC, TC"
2026-09-04,2026,9,กันยายน,4,1.032,20:00:00,-1.311,04:00:00,0.142,3,7,19:00-22:00,00:00-07:00,"IDW from BB, PC, TC"
2026-09-05,2026,9,กันยายน,5,1.032,20:00:00,-1.334,04:00:00,0.122,4,8,18:00-22:00,01:00-09:00,"IDW from BB, PC, TC"
2026-09-06,2026,9,กันยายน,6,1.0,15:00:00,-1.311,05:00:00,0.101,8,9,14:00-22:00,01:00-10:00,"IDW from BB, PC, TC"
2026-09-07,2026,9,กันยายน,7,1.222,17:00:00,-1.333,07:00:00,0.076,7,9,14:00-21:00,02:00-11:00,"IDW from BB, PC, TC"
2026-09-08,2026,9,กันยายน,8,1.355,17:00:00,-1.356,08:00:00,0.047,6,9,15:00-21:00,04:00-13:00,"IDW from BB, PC, TC"
2026-09-09,2026,9,กันยายน,9,1.377,18:00:00,-1.389,10:00:00,0.042,5,8,16:00-21:00,06:00-14:00,"IDW from BB, PC, TC"
2026-09-10,2026,9,กันยายน,10,1.377,18:00:00,-1.411,11:00:00,0.065,5,7,16:00-21:00,07:00-14:00,"IDW from BB, PC, TC"
2026-09-11,2026,9,กันยายน,11,1.355,18:00:00,-1.333,12:00:00,0.087,4,7,17:00-21:00,08:00-15:00,"IDW from BB, PC, TC"
2026-09-12,2026,9,กันยายน,12,1.255,19:00:00,-1.156,12:00:00,0.111,4,7,17:00-21:00,00:00-02:00; 10:00-15:00,"IDW from BB, PC, TC"
2026-09-13,2026,9,กันยายน,13,1.2,19:00:00,-0.933,13:00:00,0.135,6,9,06:00-08:00; 17:00-21:00,00:00-03:00; 11:00-16:00; 23:00-00:00,"IDW from BB, PC, TC"
2026-09-14,2026,9,กันยายน,14,1.2,19:00:00,-0.945,02:00:00,0.16,6,8,06:00-09:00; 18:00-21:00,00:00-04:00; 12:00-16:00,"IDW from BB, PC, TC"
2026-09-15,2026,9,กันยายน,15,1.144,19:00:00,-1.133,02:00:00,0.182,6,7,07:00-10:00; 18:00-21:00,00:00-05:00; 13:00-15:00,"IDW from BB, PC, TC"
2026-09-16,2026,9,กันยายน,16,1.1,19:00:00,-1.211,02:00:00,0.186,7,6,08:00-11:00; 18:00-22:00,00:00-06:00,"IDW from BB, PC, TC"
2026-09-17,2026,9,กันยายน,17,1.0,19:00:00,-1.211,03:00:00,0.183,6,6,09:00-12:00; 18:00-21:00,00:00-06:00,"IDW from BB, PC, TC"
2026-09-18,2026,9,กันยายน,18,0.932,20:00:00,-1.222,03:00:00,0.167,2,7,19:00-21:00,00:00-07:00,"IDW from BB, PC, TC"
2026-09-19,2026,9,กันยายน,19,0.9,19:00:00,-1.167,04:00:00,0.145,3,7,18:00-21:00,01:00-08:00,"IDW from BB, PC, TC"
2026-09-20,2026,9,กันยายน,20,0.844,17:00:00,-1.089,05:00:00,0.12,4,8,14:00-15:00; 17:00-20:00,01:00-09:00,"IDW from BB, PC, TC"
2026-09-21,2026,9,กันยายน,21,1.0,16:00:00,-1.033,06:00:00,0.092,5,8,14:00-19:00,02:00-10:00,"IDW from BB, PC, TC"
2026-09-22,2026,9,กันยายน,22,1.077,16:00:00,-0.933,06:00:00,0.068,5,8,15:00-20:00,03:00-11:00,"IDW from BB, PC, TC"
2026-09-23,2026,9,กันยายน,23,1.177,17:00:00,-0.978,09:00:00,0.059,5,7,15:00-20:00,05:00-12:00,"IDW from BB, PC, TC"
2026-09-24,2026,9,กันยายน,24,1.177,17:00:00,-1.011,10:00:00,0.057,4,6,16:00-20:00,07:00-13:00,"IDW from BB, PC, TC"
2026-09-25,2026,9,กันยายน,25,1.177,17:00:00,-1.011,11:00:00,0.07,4,7,16:00-20:00,08:00-14:00; 23:00-00:00,"IDW from BB, PC, TC"
2026-09-26,2026,9,กันยายน,26,1.155,18:00:00,-0.933,11:00:00,0.097,4,7,16:00-20:00,00:00-01:00; 09:00-14:00; 23:00-00:00,"IDW from BB, PC, TC"
2026-09-27,2026,9,กันยายน,27,1.1,18:00:00,-0.855,12:00:00,0.128,5,7,05:00-07:00; 17:00-20:00,00:00-02:00; 10:00-14:00; 23:00-00:00,"IDW from BB, PC, TC"
2026-09-28,2026,9,กันยายน,28,1.067,06:00:00,-0.878,01:00:00,0.163,7,9,05:00-09:00; 17:00-20:00,00:00-03:00; 11:00-15:00; 22:00-00:00,"IDW from BB, PC, TC"
2026-09-29,2026,9,กันยายน,29,1.234,07:00:00,-1.123,01:00:00,0.194,7,6,06:00-10:00; 17:00-20:00,00:00-04:00; 13:00-14:00; 23:00-00:00,"IDW from BB, PC, TC"
2026-09-30,2026,9,กันยายน,30,1.311,08:00:00,-1.223,02:00:00,0.229,8,6,06:00-11:00; 17:00-20:00,00:00-05:00; 23:00-00:00,"IDW from BB, PC, TC"
2026-10-01,2026,10,ตุลาคม,1,1.267,08:00:00,-1.356,02:00:00,0.24,8,6,07:00-12:00; 18:00-21:00,00:00-05:00; 23:00-00:00,"IDW from BB, PC, TC"
2026-10-02,2026,10,ตุลาคม,2,1.222,10:00:00,-1.389,03:00:00,0.238,8,6,08:00-13:00; 18:00-21:00,00:00-06:00,"IDW from BB, PC, TC"
2026-10-03,2026,10,ตุลาคม,3,1.122,11:00:00,-1.412,03:00:00,0.223,11,7,09:00-15:00; 17:00-22:00,00:00-07:00,"IDW from BB, PC, TC"
2026-10-04,2026,10,ตุลาคม,4,1.122,13:00:00,-1.334,04:00:00,0.189,11,8,11:00-22:00,00:00-08:00,"IDW from BB, PC, TC"
2026-10-05,2026,10,ตุลาคม,5,1.155,14:00:00,-1.256,05:00:00,0.149,8,8,12:00-20:00,01:00-09:00,"IDW from BB, PC, TC"
2026-10-06,2026,10,ตุลาคม,6,1.255,15:00:00,-1.133,07:00:00,0.126,6,8,13:00-19:00,02:00-10:00,"IDW from BB, PC, TC"
2026-10-07,2026,10,ตุลาคม,7,1.255,16:00:00,-1.033,08:00:00,0.11,5,7,14:00-19:00,04:00-11:00,"IDW from BB, PC, TC"
2026-10-08,2026,10,ตุลาคม,8,1.255,16:00:00,-0.933,09:00:00,0.118,4,7,15:00-19:00,06:00-12:00; 23:00-00:00,"IDW from BB, PC, TC"
2026-10-09,2026,10,ตุลาคม,9,1.21,17:00:00,-0.789,10:00:00,0.142,4,7,15:00-19:00,08:00-13:00; 22:00-00:00,"IDW from BB, PC, TC"
2026-10-10,2026,10,ตุลาคม,10,1.177,17:00:00,-0.856,23:00:00,0.177,4,7,05:00-06:00; 16:00-19:00,00:00-02:00; 10:00-13:00; 22:00-00:00,"IDW from BB, PC, TC"
2026-10-11,2026,10,ตุลาคม,11,1.1,06:00:00,-0.933,00:00:00,0.205,6,7,05:00-08:00; 16:00-19:00,00:00-03:00; 11:00-13:00; 22:00-00:00,"IDW from BB, PC, TC"
2026-10-12,2026,10,ตุลาคม,12,1.244,06:00:00,-1.111,00:00:00,0.231,8,5,05:00-09:00; 16:00-20:00,00:00-03:00; 22:00-00:00,"IDW from BB, PC, TC"
2026-10-13,2026,10,ตุลาคม,13,1.311,07:00:00,-1.256,01:00:00,0.249,7,6,06:00-10:00; 17:00-20:00,00:00-04:00; 22:00-00:00,"IDW from BB, PC, TC"
2026-10-14,2026,10,ตุลาคม,14,1.311,08:00:00,-1.289,01:00:00,0.255,8,6,06:00-11:00; 17:00-20:00,00:00-04:00; 22:00-00:00,"IDW from BB, PC, TC"
2026-10-15,2026,10,ตุลาคม,15,1.289,09:00:00,-1.267,02:00:00,0.267,8,6,07:00-12:00; 17:00-20:00,00:00-05:00; 23:00-00:00,"IDW from BB, PC, TC"
2026-10-16,2026,10,ตุลาคม,16,1.167,09:00:00,-1.289,02:00:00,0.254,7,7,08:00-13:00; 18:00-20:00,00:00-06:00; 23:00-00:00,"IDW from BB, PC, TC"
2026-10-17,2026,10,ตุลาคม,17,1.122,10:00:00,-1.234,03:00:00,0.234,5,6,09:00-13:00; 19:00-20:00,00:00-06:00,"IDW from BB, PC, TC"
2026-10-18,2026,10,ตุลาคม,18,1.055,11:00:00,-1.167,03:00:00,0.209,5,7,10:00-15:00,00:00-07:00,"IDW from BB, PC, TC"
2026-10-19,2026,10,ตุลาคม,19,1.022,13:00:00,-1.089,04:00:00,0.178,6,8,11:00-17:00,00:00-08:00,"IDW from BB, PC, TC"
2026-10-20,2026,10,ตุลาคม,20,1.055,14:00:00,-0.933,05:00:00,0.157,6,8,12:00-18:00,01:00-09:00,"IDW from BB, PC, TC"
2026-10-21,2026,10,ตุลาคม,21,1.077,15:00:00,-0.778,06:00:00,0.127,5,8,13:00-18:00,02:00-10:00,"IDW from BB, PC, TC"
2026-10-22,2026,10,ตุลาคม,22,1.077,15:00:00,-0.578,07:00:00,0.125,4,5,14:00-18:00,05:00-10:00,"IDW from BB, PC, TC"
2026-10-23,2026,10,ตุลาคม,23,1.055,16:00:00,-0.478,08:00:00,0.125,4,6,14:00-18:00,07:00-11:00; 22:00-00:00,"IDW from BB, PC, TC"
2026-10-24,2026,10,ตุลาคม,24,1.022,16:00:00,-0.778,23:00:00,0.149,3,5,15:00-18:00,09:00-11:00; 21:00-00:00,"IDW from BB, PC, TC"
2026-10-25,2026,10,ตุลาคม,25,0.955,16:00:00,-0.956,23:00:00,0.189,5,4,04:00-06:00; 15:00-18:00,00:00-01:00; 21:00-00:00,"IDW from BB, PC, TC"
2026-10-26,2026,10,ตุลาคม,26,1.167,06:00:00,-1.123,23:00:00,0.224,6,5,04:00-08:00; 16:00-18:00,00:00-02:00; 21:00-00:00,"IDW from BB, PC, TC"
2026-10-27,2026,10,ตุลาคม,27,1.367,06:00:00,-1.201,23:00:00,0.258,7,6,05:00-10:00; 16:00-18:00,00:00-03:00; 21:00-00:00,"IDW from BB, PC, TC"
2026-10-28,2026,10,ตุลาคม,28,1.522,07:00:00,-1.334,01:00:00,0.296,9,7,05:00-11:00; 16:00-19:00,00:00-04:00; 21:00-00:00,"IDW from BB, PC, TC"
2026-10-29,2026,10,ตุลาคม,29,1.567,08:00:00,-1.434,01:00:00,0.313,9,6,06:00-12:00; 16:00-19:00,00:00-04:00; 22:00-00:00,"IDW from BB, PC, TC"
2026-10-30,2026,10,ตุลาคม,30,1.522,09:00:00,-1.467,02:00:00,0.316,10,7,07:00-13:00; 16:00-20:00,00:00-05:00; 22:00-00:00,"IDW from BB, PC, TC"
2026-10-31,2026,10,ตุลาคม,31,1.455,10:00:00,-1.412,03:00:00,0.311,13,7,08:00-21:00,00:00-06:00; 23:00-00:00,"IDW from BB, PC, TC"
2026-11-01,2026,11,พฤศจิกายน,1,1.377,11:00:00,-1.412,03:00:00,0.266,12,7,09:00-21:00,00:00-07:00,"IDW from BB, PC, TC"
2026-11-02,2026,11,พฤศจิกายน,2,1.355,12:00:00,-1.334,04:00:00,0.228,8,8,10:00-18:00,00:00-08:00,"IDW from BB, PC, TC"
2026-11-03,2026,11,พฤศจิกายน,3,1.355,13:00:00,-1.123,05:00:00,0.192,6,8,11:00-17:00,01:00-09:00,"IDW from BB, PC, TC"
2026-11-04,2026,11,พฤศจิกายน,4,1.255,14:00:00,-0.868,06:00:00,0.165,5,6,12:00-17:00,03:00-09:00,"IDW from BB, PC, TC"
2026-11-05,2026,11,พฤศจิกายน,5,1.155,14:00:00,-0.5,07:00:00,0.172,4,6,13:00-17:00,05:00-09:00; 21:00-23:00,"IDW from BB, PC, TC"
2026-11-06,2026,11,พฤศจิกายน,6,1.077,15:00:00,-0.7,22:00:00,0.191,4,4,13:00-17:00,20:00-00:00,"IDW from BB, PC, TC"
2026-11-07,2026,11,พฤศจิกายน,7,1.01,15:00:00,-0.989,23:00:00,0.219,3,5,14:00-17:00,00:00-01:00; 20:00-00:00,"IDW from BB, PC, TC"
2026-11-08,2026,11,พฤศจิกายน,8,1.055,05:00:00,-1.211,23:00:00,0.251,6,6,04:00-08:00; 15:00-17:00,00:00-02:00; 20:00-00:00,"IDW from BB, PC, TC"
2026-11-09,2026,11,พฤศจิกายน,9,1.3,06:00:00,-1.212,23:00:00,0.284,7,5,04:00-09:00; 15:00-17:00,00:00-02:00; 21:00-00:00,"IDW from BB, PC, TC"
2026-11-10,2026,11,พฤศจิกายน,10,1.411,07:00:00,-1.267,00:00:00,0.301,7,6,05:00-10:00; 16:00-18:00,00:00-03:00; 21:00-00:00,"IDW from BB, PC, TC"
2026-11-11,2026,11,พฤศจิกายน,11,1.456,08:00:00,-1.312,00:00:00,0.309,8,7,05:00-11:00; 16:00-18:00,00:00-04:00; 21:00-00:00,"IDW from BB, PC, TC"
2026-11-12,2026,11,พฤศจิกายน,12,1.434,08:00:00,-1.289,01:00:00,0.311,8,6,06:00-12:00; 17:00-19:00,00:00-04:00; 22:00-00:00,"IDW from BB, PC, TC"
2026-11-13,2026,11,พฤศจิกายน,13,1.411,09:00:00,-1.234,01:00:00,0.314,8,7,07:00-13:00; 17:00-19:00,00:00-05:00; 22:00-00:00,"IDW from BB, PC, TC"
2026-11-14,2026,11,พฤศจิกายน,14,1.344,10:00:00,-1.256,02:00:00,0.299,8,6,07:00-14:00; 18:00-19:00,00:00-05:00; 23:00-00:00,"IDW from BB, PC, TC"
2026-11-15,2026,11,พฤศจิกายน,15,1.322,10:00:00,-1.212,02:00:00,0.273,6,7,08:00-14:00,00:00-06:00; 23:00-00:00,"IDW from BB, PC, TC"
2026-11-16,2026,11,พฤศจิกายน,16,1.255,11:00:00,-1.178,03:00:00,0.245,6,6,09:00-15:00,00:00-06:00,"IDW from BB, PC, TC"
2026-11-17,2026,11,พฤศจิกายน,17,1.222,12:00:00,-1.056,03:00:00,0.22,6,7,10:00-16:00,00:00-07:00,"IDW from BB, PC, TC"
2026-11-18,2026,11,พฤศจิกายน,18,1.155,12:00:00,-0.9,04:00:00,0.195,6,6,10:00-16:00,01:00-07:00,"IDW from BB, PC, TC"
2026-11-19,2026,11,พฤศจิกายน,19,1.1,13:00:00,-0.6,04:00:00,0.179,5,5,11:00-16:00,02:00-07:00,"IDW from BB, PC, TC"
2026-11-20,2026,11,พฤศจิกายน,20,1.0,13:00:00,-0.323,21:00:00,0.169,4,1,12:00-16:00,21:00-22:00,"IDW from BB, PC, TC"
2026-11-21,2026,11,พฤศจิกายน,21,0.922,13:00:00,-0.645,21:00:00,0.176,4,5,12:00-16:00,19:00-00:00,"IDW from BB, PC, TC"
2026-11-22,2026,11,พฤศจิกายน,22,0.9,14:00:00,-0.956,22:00:00,0.209,3,5,13:00-16:00,19:00-00:00,"IDW from BB, PC, TC"
2026-11-23,2026,11,พฤศจิกายน,23,1.067,05:00:00,-1.156,22:00:00,0.251,6,6,04:00-08:00; 14:00-16:00,00:00-01:00; 19:00-00:00,"IDW from BB, PC, TC"
2026-11-24,2026,11,พฤศจิกายน,24,1.367,06:00:00,-1.312,23:00:00,0.3,8,6,04:00-09:00; 14:00-17:00,00:00-02:00; 20:00-00:00,"IDW from BB, PC, TC"
2026-11-25,2026,11,พฤศจิกายน,25,1.567,07:00:00,-1.357,23:00:00,0.334,10,7,04:00-11:00; 14:00-17:00,00:00-03:00; 20:00-00:00,"IDW from BB, PC, TC"
2026-11-26,2026,11,พฤศจิกายน,26,1.622,07:00:00,-1.39,00:00:00,0.358,12,7,05:00-13:00; 14:00-18:00,00:00-04:00; 21:00-00:00,"IDW from BB, PC, TC"
2026-11-27,2026,11,พฤศจิกายน,27,1.622,08:00:00,-1.49,01:00:00,0.355,13,7,06:00-19:00,00:00-04:00; 21:00-00:00,"IDW from BB, PC, TC"
2026-11-28,2026,11,พฤศจิกายน,28,1.622,10:00:00,-1.512,02:00:00,0.348,13,7,07:00-20:00,00:00-05:00; 22:00-00:00,"IDW from BB, PC, TC"
2026-11-29,2026,11,พฤศจิกายน,29,1.61,10:00:00,-1.49,02:00:00,0.322,12,7,08:00-20:00,00:00-06:00; 23:00-00:00,"IDW from BB, PC, TC"
2026-11-30,2026,11,พฤศจิกายน,30,1.555,11:00:00,-1.412,03:00:00,0.295,7,7,09:00-16:00,00:00-07:00,"IDW from BB, PC, TC"
2026-12-01,2026,12,ธันวาคม,1,1.455,11:00:00,-1.178,04:00:00,0.249,7,7,09:00-16:00,00:00-07:00,"IDW from BB, PC, TC"
2026-12-02,2026,12,ธันวาคม,2,1.355,12:00:00,-0.923,04:00:00,0.225,6,6,10:00-16:00,01:00-07:00,"IDW from BB, PC, TC"
2026-12-03,2026,12,ธันวาคม,3,1.222,12:00:00,-0.468,04:00:00,0.214,5,4,10:00-15:00,03:00-07:00,"IDW from BB, PC, TC"
2026-12-04,2026,12,ธันวาคม,4,1.1,12:00:00,-0.6,21:00:00,0.23,4,5,11:00-15:00,19:00-00:00,"IDW from BB, PC, TC"
2026-12-05,2026,12,ธันวาคม,5,1.0,13:00:00,-0.856,21:00:00,0.25,4,5,11:00-15:00,19:00-00:00,"IDW from BB, PC, TC"
2026-12-06,2026,12,ธันวาคม,6,0.9,05:00:00,-1.111,22:00:00,0.277,5,6,05:00-07:00; 12:00-15:00,00:00-01:00; 19:00-00:00,"IDW from BB, PC, TC"
2026-12-07,2026,12,ธันวาคม,7,1.244,06:00:00,-1.167,22:00:00,0.303,8,7,04:00-10:00; 13:00-15:00,00:00-02:00; 19:00-00:00,"IDW from BB, PC, TC"
2026-12-08,2026,12,ธันวาคม,8,1.411,07:00:00,-1.189,23:00:00,0.324,9,6,04:00-11:00; 14:00-16:00,00:00-02:00; 20:00-00:00,"IDW from BB, PC, TC"
2026-12-09,2026,12,ธันวาคม,9,1.511,07:00:00,-1.167,00:00:00,0.334,8,7,05:00-12:00; 15:00-16:00,00:00-03:00; 20:00-00:00,"IDW from BB, PC, TC"
2026-12-10,2026,12,ธันวาคม,10,1.479,08:00:00,-1.212,00:00:00,0.338,8,6,05:00-12:00; 16:00-17:00,00:00-03:00; 21:00-00:00,"IDW from BB, PC, TC"
2026-12-11,2026,12,ธันวาคม,11,1.434,08:00:00,-1.234,01:00:00,0.326,9,7,06:00-13:00; 16:00-18:00,00:00-04:00; 21:00-00:00,"IDW from BB, PC, TC"
2026-12-12,2026,12,ธันวาคม,12,1.434,09:00:00,-1.212,01:00:00,0.321,9,7,06:00-14:00; 17:00-18:00,00:00-05:00; 22:00-00:00,"IDW from BB, PC, TC"
2026-12-13,2026,12,ธันวาคม,13,1.422,09:00:00,-1.278,02:00:00,0.305,7,6,07:00-14:00,00:00-05:00; 23:00-00:00,"IDW from BB, PC, TC"
2026-12-14,2026,12,ธันวาคม,14,1.422,10:00:00,-1.234,02:00:00,0.288,6,7,08:00-14:00,00:00-06:00; 23:00-00:00,"IDW from BB, PC, TC"
2026-12-15,2026,12,ธันวาคม,15,1.4,10:00:00,-1.178,02:00:00,0.262,6,6,08:00-14:00,00:00-06:00,"IDW from BB, PC, TC"
2026-12-16,2026,12,ธันวาคม,16,1.3,10:00:00,-1.0,03:00:00,0.243,6,6,08:00-14:00,00:00-06:00,"IDW from BB, PC, TC"
2026-12-17,2026,12,ธันวาคม,17,1.244,11:00:00,-0.8,03:00:00,0.225,5,6,09:00-14:00,00:00-06:00,"IDW from BB, PC, TC"
2026-12-18,2026,12,ธันวาคม,18,1.167,11:00:00,-0.5,03:00:00,0.215,5,4,09:00-14:00,02:00-06:00,"IDW from BB, PC, TC"
2026-12-19,2026,12,ธันวาคม,19,1.1,11:00:00,-0.445,18:00:00,0.208,5,4,09:00-14:00,18:00-22:00,"IDW from BB, PC, TC"
2026-12-20,2026,12,ธันวาคม,20,1.044,11:00:00,-0.8,20:00:00,0.229,5,6,09:00-14:00,17:00-23:00,"IDW from BB, PC, TC"
2026-12-21,2026,12,ธันวาคม,21,1.0,12:00:00,-1.056,21:00:00,0.254,6,6,08:00-14:00,18:00-00:00,"IDW from BB, PC, TC"
2026-12-22,2026,12,ธันวาคม,22,1.2,06:00:00,-1.234,22:00:00,0.309,11,7,04:00-15:00,00:00-01:00; 18:00-00:00,"IDW from BB, PC, TC"
2026-12-23,2026,12,ธันวาคม,23,1.467,07:00:00,-1.334,22:00:00,0.341,11,7,04:00-15:00,00:00-02:00; 19:00-00:00,"IDW from BB, PC, TC"
2026-12-24,2026,12,ธันวาคม,24,1.622,07:00:00,-1.412,23:00:00,0.369,12,7,05:00-17:00,00:00-03:00; 20:00-00:00,"IDW from BB, PC, TC"
2026-12-25,2026,12,ธันวาคม,25,1.722,08:00:00,-1.467,00:00:00,0.378,13,8,05:00-18:00,00:00-04:00; 20:00-00:00,"IDW from BB, PC, TC"
2026-12-26,2026,12,ธันวาคม,26,1.722,09:00:00,-1.567,01:00:00,0.366,13,8,06:00-19:00,00:00-05:00; 21:00-00:00,"IDW from BB, PC, TC"
2026-12-27,2026,12,ธันวาคม,27,1.677,09:00:00,-1.589,02:00:00,0.346,13,7,07:00-20:00,00:00-05:00; 22:00-00:00,"IDW from BB, PC, TC"
2026-12-28,2026,12,ธันวาคม,28,1.655,10:00:00,-1.512,02:00:00,0.315,10,7,07:00-15:00; 18:00-20:00,00:00-06:00; 23:00-00:00,"IDW from BB, PC, TC"
2026-12-29,2026,12,ธันวาคม,29,1.555,10:00:00,-1.334,03:00:00,0.289,6,6,08:00-14:00,00:00-06:00,"IDW from BB, PC, TC"
2026-12-30,2026,12,ธันวาคม,30,1.422,10:00:00,-0.978,03:00:00,0.265,6,6,08:00-14:00,00:00-06:00,"IDW from BB, PC, TC"
2026-12-31,2026,12,ธันวาคม,31,1.322,10:00:00,-0.623,03:00:00,0.248,6,4,08:00-14:00,02:00-06:00,"IDW from BB, PC, TC"
