datetime_th,date,hour,minute,site_level_m_linear_interpolation,status
2026-01-01 00:00:00,2026-01-01,0,0,-0.189,TRANSITION
2026-01-01 00:01:00,2026-01-01,0,1,-0.183,TRANSITION
2026-01-01 00:02:00,2026-01-01,0,2,-0.176,TRANSITION
2026-01-01 00:03:00,2026-01-01,0,3,-0.17,TRANSITION
2026-01-01 00:04:00,2026-01-01,0,4,-0.163,TRANSITION
2026-01-01 00:05:00,2026-01-01,0,5,-0.157,TRANSITION
2026-01-01 00:06:00,2026-01-01,0,6,-0.15,TRANSITION
2026-01-01 00:07:00,2026-01-01,0,7,-0.144,TRANSITION
2026-01-01 00:08:00,2026-01-01,0,8,-0.137,TRANSITION
2026-01-01 00:09:00,2026-01-01,0,9,-0.131,TRANSITION
2026-01-01 00:10:00,2026-01-01,0,10,-0.124,TRANSITION
2026-01-01 00:11:00,2026-01-01,0,11,-0.118,TRANSITION
2026-01-01 00:12:00,2026-01-01,0,12,-0.111,TRANSITION
2026-01-01 00:13:00,2026-01-01,0,13,-0.105,TRANSITION
2026-01-01 00:14:00,2026-01-01,0,14,-0.098,TRANSITION
2026-01-01 00:15:00,2026-01-01,0,15,-0.092,TRANSITION
2026-01-01 00:16:00,2026-01-01,0,16,-0.085,TRANSITION
2026-01-01 00:17:00,2026-01-01,0,17,-0.079,TRANSITION
2026-01-01 00:18:00,2026-01-01,0,18,-0.072,TRANSITION
2026-01-01 00:19:00,2026-01-01,0,19,-0.066,TRANSITION
2026-01-01 00:20:00,2026-01-01,0,20,-0.059,TRANSITION
2026-01-01 00:21:00,2026-01-01,0,21,-0.053,TRANSITION
2026-01-01 00:22:00,2026-01-01,0,22,-0.046,TRANSITION
2026-01-01 00:23:00,2026-01-01,0,23,-0.04,TRANSITION
2026-01-01 00:24:00,2026-01-01,0,24,-0.033,TRANSITION
2026-01-01 00:25:00,2026-01-01,0,25,-0.027,TRANSITION
2026-01-01 00:26:00,2026-01-01,0,26,-0.02,TRANSITION
2026-01-01 00:27:00,2026-01-01,0,27,-0.014,TRANSITION
2026-01-01 00:28:00,2026-01-01,0,28,-0.007,TRANSITION
2026-01-01 00:29:00,2026-01-01,0,29,-0.001,TRANSITION
2026-01-01 00:30:00,2026-01-01,0,30,0.006,TRANSITION
2026-01-01 00:31:00,2026-01-01,0,31,0.012,TRANSITION
2026-01-01 00:32:00,2026-01-01,0,32,0.018,TRANSITION
2026-01-01 00:33:00,2026-01-01,0,33,0.025,TRANSITION
2026-01-01 00:34:00,2026-01-01,0,34,0.031,TRANSITION
2026-01-01 00:35:00,2026-01-01,0,35,0.038,TRANSITION
2026-01-01 00:36:00,2026-01-01,0,36,0.044,TRANSITION
2026-01-01 00:37:00,2026-01-01,0,37,0.051,TRANSITION
2026-01-01 00:38:00,2026-01-01,0,38,0.057,TRANSITION
2026-01-01 00:39:00,2026-01-01,0,39,0.064,TRANSITION
2026-01-01 00:40:00,2026-01-01,0,40,0.07,TRANSITION
2026-01-01 00:41:00,2026-01-01,0,41,0.077,TRANSITION
2026-01-01 00:42:00,2026-01-01,0,42,0.083,TRANSITION
2026-01-01 00:43:00,2026-01-01,0,43,0.09,TRANSITION
2026-01-01 00:44:00,2026-01-01,0,44,0.096,TRANSITION
2026-01-01 00:45:00,2026-01-01,0,45,0.103,TRANSITION
2026-01-01 00:46:00,2026-01-01,0,46,0.109,TRANSITION
2026-01-01 00:47:00,2026-01-01,0,47,0.116,TRANSITION
2026-01-01 00:48:00,2026-01-01,0,48,0.122,TRANSITION
2026-01-01 00:49:00,2026-01-01,0,49,0.129,TRANSITION
2026-01-01 00:50:00,2026-01-01,0,50,0.135,TRANSITION
2026-01-01 00:51:00,2026-01-01,0,51,0.142,TRANSITION
2026-01-01 00:52:00,2026-01-01,0,52,0.148,TRANSITION
2026-01-01 00:53:00,2026-01-01,0,53,0.155,TRANSITION
2026-01-01 00:54:00,2026-01-01,0,54,0.161,TRANSITION
2026-01-01 00:55:00,2026-01-01,0,55,0.168,TRANSITION
2026-01-01 00:56:00,2026-01-01,0,56,0.174,TRANSITION
2026-01-01 00:57:00,2026-01-01,0,57,0.181,TRANSITION
2026-01-01 00:58:00,2026-01-01,0,58,0.187,TRANSITION
2026-01-01 00:59:00,2026-01-01,0,59,0.194,TRANSITION
2026-01-01 01:00:00,2026-01-01,1,0,0.2,TRANSITION
2026-01-01 01:01:00,2026-01-01,1,1,0.207,TRANSITION
2026-01-01 01:02:00,2026-01-01,1,2,0.213,TRANSITION
2026-01-01 01:03:00,2026-01-01,1,3,0.22,TRANSITION
2026-01-01 01:04:00,2026-01-01,1,4,0.227,TRANSITION
2026-01-01 01:05:00,2026-01-01,1,5,0.233,TRANSITION
2026-01-01 01:06:00,2026-01-01,1,6,0.24,TRANSITION
2026-01-01 01:07:00,2026-01-01,1,7,0.247,TRANSITION
2026-01-01 01:08:00,2026-01-01,1,8,0.253,TRANSITION
2026-01-01 01:09:00,2026-01-01,1,9,0.26,TRANSITION
2026-01-01 01:10:00,2026-01-01,1,10,0.267,TRANSITION
2026-01-01 01:11:00,2026-01-01,1,11,0.273,TRANSITION
2026-01-01 01:12:00,2026-01-01,1,12,0.28,TRANSITION
2026-01-01 01:13:00,2026-01-01,1,13,0.287,TRANSITION
2026-01-01 01:14:00,2026-01-01,1,14,0.293,TRANSITION
2026-01-01 01:15:00,2026-01-01,1,15,0.3,TRANSITION
2026-01-01 01:16:00,2026-01-01,1,16,0.307,TRANSITION
2026-01-01 01:17:00,2026-01-01,1,17,0.313,TRANSITION
2026-01-01 01:18:00,2026-01-01,1,18,0.32,TRANSITION
2026-01-01 01:19:00,2026-01-01,1,19,0.327,TRANSITION
2026-01-01 01:20:00,2026-01-01,1,20,0.333,TRANSITION
2026-01-01 01:21:00,2026-01-01,1,21,0.34,TRANSITION
2026-01-01 01:22:00,2026-01-01,1,22,0.347,TRANSITION
2026-01-01 01:23:00,2026-01-01,1,23,0.353,TRANSITION
2026-01-01 01:24:00,2026-01-01,1,24,0.36,TRANSITION
2026-01-01 01:25:00,2026-01-01,1,25,0.367,TRANSITION
2026-01-01 01:26:00,2026-01-01,1,26,0.373,TRANSITION
2026-01-01 01:27:00,2026-01-01,1,27,0.38,TRANSITION
2026-01-01 01:28:00,2026-01-01,1,28,0.387,TRANSITION
2026-01-01 01:29:00,2026-01-01,1,29,0.393,TRANSITION
2026-01-01 01:30:00,2026-01-01,1,30,0.4,TRANSITION
2026-01-01 01:31:00,2026-01-01,1,31,0.407,TRANSITION
2026-01-01 01:32:00,2026-01-01,1,32,0.413,TRANSITION
2026-01-01 01:33:00,2026-01-01,1,33,0.42,TRANSITION
2026-01-01 01:34:00,2026-01-01,1,34,0.427,TRANSITION
2026-01-01 01:35:00,2026-01-01,1,35,0.433,TRANSITION
2026-01-01 01:36:00,2026-01-01,1,36,0.44,TRANSITION
2026-01-01 01:37:00,2026-01-01,1,37,0.447,TRANSITION
2026-01-01 01:38:00,2026-01-01,1,38,0.453,TRANSITION
2026-01-01 01:39:00,2026-01-01,1,39,0.46,TRANSITION
2026-01-01 01:40:00,2026-01-01,1,40,0.467,TRANSITION
2026-01-01 01:41:00,2026-01-01,1,41,0.473,TRANSITION
2026-01-01 01:42:00,2026-01-01,1,42,0.48,TRANSITION
2026-01-01 01:43:00,2026-01-01,1,43,0.487,TRANSITION
2026-01-01 01:44:00,2026-01-01,1,44,0.493,TRANSITION
2026-01-01 01:45:00,2026-01-01,1,45,0.5,TRANSITION
2026-01-01 01:46:00,2026-01-01,1,46,0.507,TRANSITION
2026-01-01 01:47:00,2026-01-01,1,47,0.513,TRANSITION
2026-01-01 01:48:00,2026-01-01,1,48,0.52,TRANSITION
2026-01-01 01:49:00,2026-01-01,1,49,0.527,TRANSITION
2026-01-01 01:50:00,2026-01-01,1,50,0.533,TRANSITION
2026-01-01 01:51:00,2026-01-01,1,51,0.54,TRANSITION
2026-01-01 01:52:00,2026-01-01,1,52,0.547,TRANSITION
2026-01-01 01:53:00,2026-01-01,1,53,0.553,TRANSITION
2026-01-01 01:54:00,2026-01-01,1,54,0.56,TRANSITION
2026-01-01 01:55:00,2026-01-01,1,55,0.567,TRANSITION
2026-01-01 01:56:00,2026-01-01,1,56,0.573,TRANSITION
2026-01-01 01:57:00,2026-01-01,1,57,0.58,TRANSITION
2026-01-01 01:58:00,2026-01-01,1,58,0.587,TRANSITION
2026-01-01 01:59:00,2026-01-01,1,59,0.593,TRANSITION
2026-01-01 02:00:00,2026-01-01,2,0,0.6,TRANSITION
2026-01-01 02:01:00,2026-01-01,2,1,0.604,TRANSITION
2026-01-01 02:02:00,2026-01-01,2,2,0.609,TRANSITION
2026-01-01 02:03:00,2026-01-01,2,3,0.613,TRANSITION
2026-01-01 02:04:00,2026-01-01,2,4,0.618,TRANSITION
2026-01-01 02:05:00,2026-01-01,2,5,0.622,TRANSITION
2026-01-01 02:06:00,2026-01-01,2,6,0.627,TRANSITION
2026-01-01 02:07:00,2026-01-01,2,7,0.631,TRANSITION
2026-01-01 02:08:00,2026-01-01,2,8,0.636,TRANSITION
2026-01-01 02:09:00,2026-01-01,2,9,0.64,TRANSITION
2026-01-01 02:10:00,2026-01-01,2,10,0.644,TRANSITION
2026-01-01 02:11:00,2026-01-01,2,11,0.649,TRANSITION
2026-01-01 02:12:00,2026-01-01,2,12,0.653,TRANSITION
2026-01-01 02:13:00,2026-01-01,2,13,0.658,TRANSITION
2026-01-01 02:14:00,2026-01-01,2,14,0.662,TRANSITION
2026-01-01 02:15:00,2026-01-01,2,15,0.667,TRANSITION
2026-01-01 02:16:00,2026-01-01,2,16,0.671,TRANSITION
2026-01-01 02:17:00,2026-01-01,2,17,0.676,TRANSITION
2026-01-01 02:18:00,2026-01-01,2,18,0.68,TRANSITION
2026-01-01 02:19:00,2026-01-01,2,19,0.685,TRANSITION
2026-01-01 02:20:00,2026-01-01,2,20,0.689,TRANSITION
2026-01-01 02:21:00,2026-01-01,2,21,0.693,TRANSITION
2026-01-01 02:22:00,2026-01-01,2,22,0.698,TRANSITION
2026-01-01 02:23:00,2026-01-01,2,23,0.702,TRANSITION
2026-01-01 02:24:00,2026-01-01,2,24,0.707,TRANSITION
2026-01-01 02:25:00,2026-01-01,2,25,0.711,TRANSITION
2026-01-01 02:26:00,2026-01-01,2,26,0.716,TRANSITION
2026-01-01 02:27:00,2026-01-01,2,27,0.72,TRANSITION
2026-01-01 02:28:00,2026-01-01,2,28,0.725,TRANSITION
2026-01-01 02:29:00,2026-01-01,2,29,0.729,TRANSITION
2026-01-01 02:30:00,2026-01-01,2,30,0.734,TRANSITION
2026-01-01 02:31:00,2026-01-01,2,31,0.738,TRANSITION
2026-01-01 02:32:00,2026-01-01,2,32,0.742,TRANSITION
2026-01-01 02:33:00,2026-01-01,2,33,0.747,TRANSITION
2026-01-01 02:34:00,2026-01-01,2,34,0.751,TRANSITION
2026-01-01 02:35:00,2026-01-01,2,35,0.756,TRANSITION
2026-01-01 02:36:00,2026-01-01,2,36,0.76,TRANSITION
2026-01-01 02:37:00,2026-01-01,2,37,0.765,TRANSITION
2026-01-01 02:38:00,2026-01-01,2,38,0.769,TRANSITION
2026-01-01 02:39:00,2026-01-01,2,39,0.774,TRANSITION
2026-01-01 02:40:00,2026-01-01,2,40,0.778,TRANSITION
2026-01-01 02:41:00,2026-01-01,2,41,0.782,TRANSITION
2026-01-01 02:42:00,2026-01-01,2,42,0.787,TRANSITION
2026-01-01 02:43:00,2026-01-01,2,43,0.791,TRANSITION
2026-01-01 02:44:00,2026-01-01,2,44,0.796,TRANSITION
2026-01-01 02:45:00,2026-01-01,2,45,0.8,MOVE_WINDOW
2026-01-01 02:46:00,2026-01-01,2,46,0.805,MOVE_WINDOW
2026-01-01 02:47:00,2026-01-01,2,47,0.809,MOVE_WINDOW
2026-01-01 02:48:00,2026-01-01,2,48,0.814,MOVE_WINDOW
2026-01-01 02:49:00,2026-01-01,2,49,0.818,MOVE_WINDOW
2026-01-01 02:50:00,2026-01-01,2,50,0.823,MOVE_WINDOW
2026-01-01 02:51:00,2026-01-01,2,51,0.827,MOVE_WINDOW
2026-01-01 02:52:00,2026-01-01,2,52,0.831,MOVE_WINDOW
2026-01-01 02:53:00,2026-01-01,2,53,0.836,MOVE_WINDOW
2026-01-01 02:54:00,2026-01-01,2,54,0.84,MOVE_WINDOW
2026-01-01 02:55:00,2026-01-01,2,55,0.845,MOVE_WINDOW
2026-01-01 02:56:00,2026-01-01,2,56,0.849,MOVE_WINDOW
2026-01-01 02:57:00,2026-01-01,2,57,0.854,MOVE_WINDOW
2026-01-01 02:58:00,2026-01-01,2,58,0.858,MOVE_WINDOW
2026-01-01 02:59:00,2026-01-01,2,59,0.863,MOVE_WINDOW
2026-01-01 03:00:00,2026-01-01,3,0,0.867,MOVE_WINDOW
2026-01-01 03:01:00,2026-01-01,3,1,0.87,MOVE_WINDOW
2026-01-01 03:02:00,2026-01-01,3,2,0.874,MOVE_WINDOW
2026-01-01 03:03:00,2026-01-01,3,3,0.877,MOVE_WINDOW
2026-01-01 03:04:00,2026-01-01,3,4,0.88,MOVE_WINDOW
2026-01-01 03:05:00,2026-01-01,3,5,0.884,MOVE_WINDOW
2026-01-01 03:06:00,2026-01-01,3,6,0.887,MOVE_WINDOW
2026-01-01 03:07:00,2026-01-01,3,7,0.89,MOVE_WINDOW
2026-01-01 03:08:00,2026-01-01,3,8,0.894,MOVE_WINDOW
2026-01-01 03:09:00,2026-01-01,3,9,0.897,MOVE_WINDOW
2026-01-01 03:10:00,2026-01-01,3,10,0.9,MOVE_WINDOW
2026-01-01 03:11:00,2026-01-01,3,11,0.904,MOVE_WINDOW
2026-01-01 03:12:00,2026-01-01,3,12,0.907,MOVE_WINDOW
2026-01-01 03:13:00,2026-01-01,3,13,0.91,MOVE_WINDOW
2026-01-01 03:14:00,2026-01-01,3,14,0.914,MOVE_WINDOW
2026-01-01 03:15:00,2026-01-01,3,15,0.917,MOVE_WINDOW
2026-01-01 03:16:00,2026-01-01,3,16,0.92,MOVE_WINDOW
2026-01-01 03:17:00,2026-01-01,3,17,0.924,MOVE_WINDOW
2026-01-01 03:18:00,2026-01-01,3,18,0.927,MOVE_WINDOW
2026-01-01 03:19:00,2026-01-01,3,19,0.93,MOVE_WINDOW
2026-01-01 03:20:00,2026-01-01,3,20,0.934,MOVE_WINDOW
2026-01-01 03:21:00,2026-01-01,3,21,0.937,MOVE_WINDOW
2026-01-01 03:22:00,2026-01-01,3,22,0.94,MOVE_WINDOW
2026-01-01 03:23:00,2026-01-01,3,23,0.944,MOVE_WINDOW
2026-01-01 03:24:00,2026-01-01,3,24,0.947,MOVE_WINDOW
2026-01-01 03:25:00,2026-01-01,3,25,0.95,MOVE_WINDOW
2026-01-01 03:26:00,2026-01-01,3,26,0.954,MOVE_WINDOW
2026-01-01 03:27:00,2026-01-01,3,27,0.957,MOVE_WINDOW
2026-01-01 03:28:00,2026-01-01,3,28,0.96,MOVE_WINDOW
2026-01-01 03:29:00,2026-01-01,3,29,0.964,MOVE_WINDOW
2026-01-01 03:30:00,2026-01-01,3,30,0.967,MOVE_WINDOW
2026-01-01 03:31:00,2026-01-01,3,31,0.97,MOVE_WINDOW
2026-01-01 03:32:00,2026-01-01,3,32,0.974,MOVE_WINDOW
2026-01-01 03:33:00,2026-01-01,3,33,0.977,MOVE_WINDOW
2026-01-01 03:34:00,2026-01-01,3,34,0.98,MOVE_WINDOW
2026-01-01 03:35:00,2026-01-01,3,35,0.984,MOVE_WINDOW
2026-01-01 03:36:00,2026-01-01,3,36,0.987,MOVE_WINDOW
2026-01-01 03:37:00,2026-01-01,3,37,0.99,MOVE_WINDOW
2026-01-01 03:38:00,2026-01-01,3,38,0.994,MOVE_WINDOW
2026-01-01 03:39:00,2026-01-01,3,39,0.997,MOVE_WINDOW
2026-01-01 03:40:00,2026-01-01,3,40,1.0,MOVE_WINDOW
2026-01-01 03:41:00,2026-01-01,3,41,1.004,MOVE_WINDOW
2026-01-01 03:42:00,2026-01-01,3,42,1.007,MOVE_WINDOW
2026-01-01 03:43:00,2026-01-01,3,43,1.01,MOVE_WINDOW
2026-01-01 03:44:00,2026-01-01,3,44,1.014,MOVE_WINDOW
2026-01-01 03:45:00,2026-01-01,3,45,1.017,MOVE_WINDOW
2026-01-01 03:46:00,2026-01-01,3,46,1.02,MOVE_WINDOW
2026-01-01 03:47:00,2026-01-01,3,47,1.024,MOVE_WINDOW
2026-01-01 03:48:00,2026-01-01,3,48,1.027,MOVE_WINDOW
2026-01-01 03:49:00,2026-01-01,3,49,1.03,MOVE_WINDOW
2026-01-01 03:50:00,2026-01-01,3,50,1.034,MOVE_WINDOW
2026-01-01 03:51:00,2026-01-01,3,51,1.037,MOVE_WINDOW
2026-01-01 03:52:00,2026-01-01,3,52,1.04,MOVE_WINDOW
2026-01-01 03:53:00,2026-01-01,3,53,1.044,MOVE_WINDOW
2026-01-01 03:54:00,2026-01-01,3,54,1.047,MOVE_WINDOW
2026-01-01 03:55:00,2026-01-01,3,55,1.05,MOVE_WINDOW
2026-01-01 03:56:00,2026-01-01,3,56,1.054,MOVE_WINDOW
2026-01-01 03:57:00,2026-01-01,3,57,1.057,MOVE_WINDOW
2026-01-01 03:58:00,2026-01-01,3,58,1.06,MOVE_WINDOW
2026-01-01 03:59:00,2026-01-01,3,59,1.064,MOVE_WINDOW
2026-01-01 04:00:00,2026-01-01,4,0,1.067,MOVE_WINDOW
2026-01-01 04:01:00,2026-01-01,4,1,1.069,MOVE_WINDOW
2026-01-01 04:02:00,2026-01-01,4,2,1.07,MOVE_WINDOW
2026-01-01 04:03:00,2026-01-01,4,3,1.072,MOVE_WINDOW
2026-01-01 04:04:00,2026-01-01,4,4,1.074,MOVE_WINDOW
2026-01-01 04:05:00,2026-01-01,4,5,1.075,MOVE_WINDOW
2026-01-01 04:06:00,2026-01-01,4,6,1.077,MOVE_WINDOW
2026-01-01 04:07:00,2026-01-01,4,7,1.079,MOVE_WINDOW
2026-01-01 04:08:00,2026-01-01,4,8,1.08,MOVE_WINDOW
2026-01-01 04:09:00,2026-01-01,4,9,1.082,MOVE_WINDOW
2026-01-01 04:10:00,2026-01-01,4,10,1.084,MOVE_WINDOW
2026-01-01 04:11:00,2026-01-01,4,11,1.085,MOVE_WINDOW
2026-01-01 04:12:00,2026-01-01,4,12,1.087,MOVE_WINDOW
2026-01-01 04:13:00,2026-01-01,4,13,1.089,MOVE_WINDOW
2026-01-01 04:14:00,2026-01-01,4,14,1.09,MOVE_WINDOW
2026-01-01 04:15:00,2026-01-01,4,15,1.092,MOVE_WINDOW
2026-01-01 04:16:00,2026-01-01,4,16,1.094,MOVE_WINDOW
2026-01-01 04:17:00,2026-01-01,4,17,1.095,MOVE_WINDOW
2026-01-01 04:18:00,2026-01-01,4,18,1.097,MOVE_WINDOW
2026-01-01 04:19:00,2026-01-01,4,19,1.099,MOVE_WINDOW
2026-01-01 04:20:00,2026-01-01,4,20,1.1,MOVE_WINDOW
2026-01-01 04:21:00,2026-01-01,4,21,1.102,MOVE_WINDOW
2026-01-01 04:22:00,2026-01-01,4,22,1.104,MOVE_WINDOW
2026-01-01 04:23:00,2026-01-01,4,23,1.105,MOVE_WINDOW
2026-01-01 04:24:00,2026-01-01,4,24,1.107,MOVE_WINDOW
2026-01-01 04:25:00,2026-01-01,4,25,1.109,MOVE_WINDOW
2026-01-01 04:26:00,2026-01-01,4,26,1.11,MOVE_WINDOW
2026-01-01 04:27:00,2026-01-01,4,27,1.112,MOVE_WINDOW
2026-01-01 04:28:00,2026-01-01,4,28,1.114,MOVE_WINDOW
2026-01-01 04:29:00,2026-01-01,4,29,1.115,MOVE_WINDOW
2026-01-01 04:30:00,2026-01-01,4,30,1.117,MOVE_WINDOW
2026-01-01 04:31:00,2026-01-01,4,31,1.119,MOVE_WINDOW
2026-01-01 04:32:00,2026-01-01,4,32,1.12,MOVE_WINDOW
2026-01-01 04:33:00,2026-01-01,4,33,1.122,MOVE_WINDOW
2026-01-01 04:34:00,2026-01-01,4,34,1.124,MOVE_WINDOW
2026-01-01 04:35:00,2026-01-01,4,35,1.125,MOVE_WINDOW
2026-01-01 04:36:00,2026-01-01,4,36,1.127,MOVE_WINDOW
2026-01-01 04:37:00,2026-01-01,4,37,1.129,MOVE_WINDOW
2026-01-01 04:38:00,2026-01-01,4,38,1.13,MOVE_WINDOW
2026-01-01 04:39:00,2026-01-01,4,39,1.132,MOVE_WINDOW
2026-01-01 04:40:00,2026-01-01,4,40,1.134,MOVE_WINDOW
2026-01-01 04:41:00,2026-01-01,4,41,1.135,MOVE_WINDOW
2026-01-01 04:42:00,2026-01-01,4,42,1.137,MOVE_WINDOW
2026-01-01 04:43:00,2026-01-01,4,43,1.139,MOVE_WINDOW
2026-01-01 04:44:00,2026-01-01,4,44,1.14,MOVE_WINDOW
2026-01-01 04:45:00,2026-01-01,4,45,1.142,MOVE_WINDOW
2026-01-01 04:46:00,2026-01-01,4,46,1.144,MOVE_WINDOW
2026-01-01 04:47:00,2026-01-01,4,47,1.145,MOVE_WINDOW
2026-01-01 04:48:00,2026-01-01,4,48,1.147,MOVE_WINDOW
2026-01-01 04:49:00,2026-01-01,4,49,1.149,MOVE_WINDOW
2026-01-01 04:50:00,2026-01-01,4,50,1.15,MOVE_WINDOW
2026-01-01 04:51:00,2026-01-01,4,51,1.152,MOVE_WINDOW
2026-01-01 04:52:00,2026-01-01,4,52,1.154,MOVE_WINDOW
2026-01-01 04:53:00,2026-01-01,4,53,1.155,MOVE_WINDOW
2026-01-01 04:54:00,2026-01-01,4,54,1.157,MOVE_WINDOW
2026-01-01 04:55:00,2026-01-01,4,55,1.159,MOVE_WINDOW
2026-01-01 04:56:00,2026-01-01,4,56,1.16,MOVE_WINDOW
2026-01-01 04:57:00,2026-01-01,4,57,1.162,MOVE_WINDOW
2026-01-01 04:58:00,2026-01-01,4,58,1.164,MOVE_WINDOW
2026-01-01 04:59:00,2026-01-01,4,59,1.165,MOVE_WINDOW
2026-01-01 05:00:00,2026-01-01,5,0,1.167,MOVE_WINDOW
2026-01-01 05:01:00,2026-01-01,5,1,1.168,MOVE_WINDOW
2026-01-01 05:02:00,2026-01-01,5,2,1.168,MOVE_WINDOW
2026-01-01 05:03:00,2026-01-01,5,3,1.169,MOVE_WINDOW
2026-01-01 05:04:00,2026-01-01,5,4,1.169,MOVE_WINDOW
2026-01-01 05:05:00,2026-01-01,5,5,1.17,MOVE_WINDOW
2026-01-01 05:06:00,2026-01-01,5,6,1.17,MOVE_WINDOW
2026-01-01 05:07:00,2026-01-01,5,7,1.171,MOVE_WINDOW
2026-01-01 05:08:00,2026-01-01,5,8,1.171,MOVE_WINDOW
2026-01-01 05:09:00,2026-01-01,5,9,1.172,MOVE_WINDOW
2026-01-01 05:10:00,2026-01-01,5,10,1.173,MOVE_WINDOW
2026-01-01 05:11:00,2026-01-01,5,11,1.173,MOVE_WINDOW
2026-01-01 05:12:00,2026-01-01,5,12,1.174,MOVE_WINDOW
2026-01-01 05:13:00,2026-01-01,5,13,1.174,MOVE_WINDOW
2026-01-01 05:14:00,2026-01-01,5,14,1.175,MOVE_WINDOW
2026-01-01 05:15:00,2026-01-01,5,15,1.175,MOVE_WINDOW
2026-01-01 05:16:00,2026-01-01,5,16,1.176,MOVE_WINDOW
2026-01-01 05:17:00,2026-01-01,5,17,1.176,MOVE_WINDOW
2026-01-01 05:18:00,2026-01-01,5,18,1.177,MOVE_WINDOW
2026-01-01 05:19:00,2026-01-01,5,19,1.177,MOVE_WINDOW
2026-01-01 05:20:00,2026-01-01,5,20,1.178,MOVE_WINDOW
2026-01-01 05:21:00,2026-01-01,5,21,1.179,MOVE_WINDOW
2026-01-01 05:22:00,2026-01-01,5,22,1.179,MOVE_WINDOW
2026-01-01 05:23:00,2026-01-01,5,23,1.18,MOVE_WINDOW
2026-01-01 05:24:00,2026-01-01,5,24,1.18,MOVE_WINDOW
2026-01-01 05:25:00,2026-01-01,5,25,1.181,MOVE_WINDOW
2026-01-01 05:26:00,2026-01-01,5,26,1.181,MOVE_WINDOW
2026-01-01 05:27:00,2026-01-01,5,27,1.182,MOVE_WINDOW
2026-01-01 05:28:00,2026-01-01,5,28,1.182,MOVE_WINDOW
2026-01-01 05:29:00,2026-01-01,5,29,1.183,MOVE_WINDOW
2026-01-01 05:30:00,2026-01-01,5,30,1.183,MOVE_WINDOW
2026-01-01 05:31:00,2026-01-01,5,31,1.184,MOVE_WINDOW
2026-01-01 05:32:00,2026-01-01,5,32,1.185,MOVE_WINDOW
2026-01-01 05:33:00,2026-01-01,5,33,1.185,MOVE_WINDOW
2026-01-01 05:34:00,2026-01-01,5,34,1.186,MOVE_WINDOW
2026-01-01 05:35:00,2026-01-01,5,35,1.186,MOVE_WINDOW
2026-01-01 05:36:00,2026-01-01,5,36,1.187,MOVE_WINDOW
2026-01-01 05:37:00,2026-01-01,5,37,1.187,MOVE_WINDOW
2026-01-01 05:38:00,2026-01-01,5,38,1.188,MOVE_WINDOW
2026-01-01 05:39:00,2026-01-01,5,39,1.188,MOVE_WINDOW
2026-01-01 05:40:00,2026-01-01,5,40,1.189,MOVE_WINDOW
2026-01-01 05:41:00,2026-01-01,5,41,1.19,MOVE_WINDOW
2026-01-01 05:42:00,2026-01-01,5,42,1.19,MOVE_WINDOW
2026-01-01 05:43:00,2026-01-01,5,43,1.191,MOVE_WINDOW
2026-01-01 05:44:00,2026-01-01,5,44,1.191,MOVE_WINDOW
2026-01-01 05:45:00,2026-01-01,5,45,1.192,MOVE_WINDOW
2026-01-01 05:46:00,2026-01-01,5,46,1.192,MOVE_WINDOW
2026-01-01 05:47:00,2026-01-01,5,47,1.193,MOVE_WINDOW
2026-01-01 05:48:00,2026-01-01,5,48,1.193,MOVE_WINDOW
2026-01-01 05:49:00,2026-01-01,5,49,1.194,MOVE_WINDOW
2026-01-01 05:50:00,2026-01-01,5,50,1.194,MOVE_WINDOW
2026-01-01 05:51:00,2026-01-01,5,51,1.195,MOVE_WINDOW
2026-01-01 05:52:00,2026-01-01,5,52,1.196,MOVE_WINDOW
2026-01-01 05:53:00,2026-01-01,5,53,1.196,MOVE_WINDOW
2026-01-01 05:54:00,2026-01-01,5,54,1.197,MOVE_WINDOW
2026-01-01 05:55:00,2026-01-01,5,55,1.197,MOVE_WINDOW
2026-01-01 05:56:00,2026-01-01,5,56,1.198,MOVE_WINDOW
2026-01-01 05:57:00,2026-01-01,5,57,1.198,MOVE_WINDOW
2026-01-01 05:58:00,2026-01-01,5,58,1.199,MOVE_WINDOW
2026-01-01 05:59:00,2026-01-01,5,59,1.199,MOVE_WINDOW
2026-01-01 06:00:00,2026-01-01,6,0,1.2,MOVE_WINDOW
2026-01-01 06:01:00,2026-01-01,6,1,1.199,MOVE_WINDOW
2026-01-01 06:02:00,2026-01-01,6,2,1.199,MOVE_WINDOW
2026-01-01 06:03:00,2026-01-01,6,3,1.198,MOVE_WINDOW
2026-01-01 06:04:00,2026-01-01,6,4,1.198,MOVE_WINDOW
2026-01-01 06:05:00,2026-01-01,6,5,1.197,MOVE_WINDOW
2026-01-01 06:06:00,2026-01-01,6,6,1.197,MOVE_WINDOW
2026-01-01 06:07:00,2026-01-01,6,7,1.196,MOVE_WINDOW
2026-01-01 06:08:00,2026-01-01,6,8,1.196,MOVE_WINDOW
2026-01-01 06:09:00,2026-01-01,6,9,1.195,MOVE_WINDOW
2026-01-01 06:10:00,2026-01-01,6,10,1.194,MOVE_WINDOW
2026-01-01 06:11:00,2026-01-01,6,11,1.194,MOVE_WINDOW
2026-01-01 06:12:00,2026-01-01,6,12,1.193,MOVE_WINDOW
2026-01-01 06:13:00,2026-01-01,6,13,1.193,MOVE_WINDOW
2026-01-01 06:14:00,2026-01-01,6,14,1.192,MOVE_WINDOW
2026-01-01 06:15:00,2026-01-01,6,15,1.192,MOVE_WINDOW
2026-01-01 06:16:00,2026-01-01,6,16,1.191,MOVE_WINDOW
2026-01-01 06:17:00,2026-01-01,6,17,1.191,MOVE_WINDOW
2026-01-01 06:18:00,2026-01-01,6,18,1.19,MOVE_WINDOW
2026-01-01 06:19:00,2026-01-01,6,19,1.19,MOVE_WINDOW
2026-01-01 06:20:00,2026-01-01,6,20,1.189,MOVE_WINDOW
2026-01-01 06:21:00,2026-01-01,6,21,1.188,MOVE_WINDOW
2026-01-01 06:22:00,2026-01-01,6,22,1.188,MOVE_WINDOW
2026-01-01 06:23:00,2026-01-01,6,23,1.187,MOVE_WINDOW
2026-01-01 06:24:00,2026-01-01,6,24,1.187,MOVE_WINDOW
2026-01-01 06:25:00,2026-01-01,6,25,1.186,MOVE_WINDOW
2026-01-01 06:26:00,2026-01-01,6,26,1.186,MOVE_WINDOW
2026-01-01 06:27:00,2026-01-01,6,27,1.185,MOVE_WINDOW
2026-01-01 06:28:00,2026-01-01,6,28,1.185,MOVE_WINDOW
2026-01-01 06:29:00,2026-01-01,6,29,1.184,MOVE_WINDOW
2026-01-01 06:30:00,2026-01-01,6,30,1.183,MOVE_WINDOW
2026-01-01 06:31:00,2026-01-01,6,31,1.183,MOVE_WINDOW
2026-01-01 06:32:00,2026-01-01,6,32,1.182,MOVE_WINDOW
2026-01-01 06:33:00,2026-01-01,6,33,1.182,MOVE_WINDOW
2026-01-01 06:34:00,2026-01-01,6,34,1.181,MOVE_WINDOW
2026-01-01 06:35:00,2026-01-01,6,35,1.181,MOVE_WINDOW
2026-01-01 06:36:00,2026-01-01,6,36,1.18,MOVE_WINDOW
2026-01-01 06:37:00,2026-01-01,6,37,1.18,MOVE_WINDOW
2026-01-01 06:38:00,2026-01-01,6,38,1.179,MOVE_WINDOW
2026-01-01 06:39:00,2026-01-01,6,39,1.179,MOVE_WINDOW
2026-01-01 06:40:00,2026-01-01,6,40,1.178,MOVE_WINDOW
2026-01-01 06:41:00,2026-01-01,6,41,1.177,MOVE_WINDOW
2026-01-01 06:42:00,2026-01-01,6,42,1.177,MOVE_WINDOW
2026-01-01 06:43:00,2026-01-01,6,43,1.176,MOVE_WINDOW
2026-01-01 06:44:00,2026-01-01,6,44,1.176,MOVE_WINDOW
2026-01-01 06:45:00,2026-01-01,6,45,1.175,MOVE_WINDOW
2026-01-01 06:46:00,2026-01-01,6,46,1.175,MOVE_WINDOW
2026-01-01 06:47:00,2026-01-01,6,47,1.174,MOVE_WINDOW
2026-01-01 06:48:00,2026-01-01,6,48,1.174,MOVE_WINDOW
2026-01-01 06:49:00,2026-01-01,6,49,1.173,MOVE_WINDOW
2026-01-01 06:50:00,2026-01-01,6,50,1.173,MOVE_WINDOW
2026-01-01 06:51:00,2026-01-01,6,51,1.172,MOVE_WINDOW
2026-01-01 06:52:00,2026-01-01,6,52,1.171,MOVE_WINDOW
2026-01-01 06:53:00,2026-01-01,6,53,1.171,MOVE_WINDOW
2026-01-01 06:54:00,2026-01-01,6,54,1.17,MOVE_WINDOW
2026-01-01 06:55:00,2026-01-01,6,55,1.17,MOVE_WINDOW
2026-01-01 06:56:00,2026-01-01,6,56,1.169,MOVE_WINDOW
2026-01-01 06:57:00,2026-01-01,6,57,1.169,MOVE_WINDOW
2026-01-01 06:58:00,2026-01-01,6,58,1.168,MOVE_WINDOW
2026-01-01 06:59:00,2026-01-01,6,59,1.168,MOVE_WINDOW
2026-01-01 07:00:00,2026-01-01,7,0,1.167,MOVE_WINDOW
2026-01-01 07:01:00,2026-01-01,7,1,1.166,MOVE_WINDOW
2026-01-01 07:02:00,2026-01-01,7,2,1.165,MOVE_WINDOW
2026-01-01 07:03:00,2026-01-01,7,3,1.164,MOVE_WINDOW
2026-01-01 07:04:00,2026-01-01,7,4,1.163,MOVE_WINDOW
2026-01-01 07:05:00,2026-01-01,7,5,1.161,MOVE_WINDOW
2026-01-01 07:06:00,2026-01-01,7,6,1.16,MOVE_WINDOW
2026-01-01 07:07:00,2026-01-01,7,7,1.159,MOVE_WINDOW
2026-01-01 07:08:00,2026-01-01,7,8,1.158,MOVE_WINDOW
2026-01-01 07:09:00,2026-01-01,7,9,1.157,MOVE_WINDOW
2026-01-01 07:10:00,2026-01-01,7,10,1.156,MOVE_WINDOW
2026-01-01 07:11:00,2026-01-01,7,11,1.155,MOVE_WINDOW
2026-01-01 07:12:00,2026-01-01,7,12,1.154,MOVE_WINDOW
2026-01-01 07:13:00,2026-01-01,7,13,1.152,MOVE_WINDOW
2026-01-01 07:14:00,2026-01-01,7,14,1.151,MOVE_WINDOW
2026-01-01 07:15:00,2026-01-01,7,15,1.15,MOVE_WINDOW
2026-01-01 07:16:00,2026-01-01,7,16,1.149,MOVE_WINDOW
2026-01-01 07:17:00,2026-01-01,7,17,1.148,MOVE_WINDOW
2026-01-01 07:18:00,2026-01-01,7,18,1.147,MOVE_WINDOW
2026-01-01 07:19:00,2026-01-01,7,19,1.146,MOVE_WINDOW
2026-01-01 07:20:00,2026-01-01,7,20,1.145,MOVE_WINDOW
2026-01-01 07:21:00,2026-01-01,7,21,1.144,MOVE_WINDOW
2026-01-01 07:22:00,2026-01-01,7,22,1.142,MOVE_WINDOW
2026-01-01 07:23:00,2026-01-01,7,23,1.141,MOVE_WINDOW
2026-01-01 07:24:00,2026-01-01,7,24,1.14,MOVE_WINDOW
2026-01-01 07:25:00,2026-01-01,7,25,1.139,MOVE_WINDOW
2026-01-01 07:26:00,2026-01-01,7,26,1.138,MOVE_WINDOW
2026-01-01 07:27:00,2026-01-01,7,27,1.137,MOVE_WINDOW
2026-01-01 07:28:00,2026-01-01,7,28,1.136,MOVE_WINDOW
2026-01-01 07:29:00,2026-01-01,7,29,1.135,MOVE_WINDOW
2026-01-01 07:30:00,2026-01-01,7,30,1.134,MOVE_WINDOW
2026-01-01 07:31:00,2026-01-01,7,31,1.132,MOVE_WINDOW
2026-01-01 07:32:00,2026-01-01,7,32,1.131,MOVE_WINDOW
2026-01-01 07:33:00,2026-01-01,7,33,1.13,MOVE_WINDOW
2026-01-01 07:34:00,2026-01-01,7,34,1.129,MOVE_WINDOW
2026-01-01 07:35:00,2026-01-01,7,35,1.128,MOVE_WINDOW
2026-01-01 07:36:00,2026-01-01,7,36,1.127,MOVE_WINDOW
2026-01-01 07:37:00,2026-01-01,7,37,1.126,MOVE_WINDOW
2026-01-01 07:38:00,2026-01-01,7,38,1.125,MOVE_WINDOW
2026-01-01 07:39:00,2026-01-01,7,39,1.123,MOVE_WINDOW
2026-01-01 07:40:00,2026-01-01,7,40,1.122,MOVE_WINDOW
2026-01-01 07:41:00,2026-01-01,7,41,1.121,MOVE_WINDOW
2026-01-01 07:42:00,2026-01-01,7,42,1.12,MOVE_WINDOW
2026-01-01 07:43:00,2026-01-01,7,43,1.119,MOVE_WINDOW
2026-01-01 07:44:00,2026-01-01,7,44,1.118,MOVE_WINDOW
2026-01-01 07:45:00,2026-01-01,7,45,1.117,MOVE_WINDOW
2026-01-01 07:46:00,2026-01-01,7,46,1.116,MOVE_WINDOW
2026-01-01 07:47:00,2026-01-01,7,47,1.115,MOVE_WINDOW
2026-01-01 07:48:00,2026-01-01,7,48,1.113,MOVE_WINDOW
2026-01-01 07:49:00,2026-01-01,7,49,1.112,MOVE_WINDOW
2026-01-01 07:50:00,2026-01-01,7,50,1.111,MOVE_WINDOW
2026-01-01 07:51:00,2026-01-01,7,51,1.11,MOVE_WINDOW
2026-01-01 07:52:00,2026-01-01,7,52,1.109,MOVE_WINDOW
2026-01-01 07:53:00,2026-01-01,7,53,1.108,MOVE_WINDOW
2026-01-01 07:54:00,2026-01-01,7,54,1.107,MOVE_WINDOW
2026-01-01 07:55:00,2026-01-01,7,55,1.106,MOVE_WINDOW
2026-01-01 07:56:00,2026-01-01,7,56,1.104,MOVE_WINDOW
2026-01-01 07:57:00,2026-01-01,7,57,1.103,MOVE_WINDOW
2026-01-01 07:58:00,2026-01-01,7,58,1.102,MOVE_WINDOW
2026-01-01 07:59:00,2026-01-01,7,59,1.101,MOVE_WINDOW
2026-01-01 08:00:00,2026-01-01,8,0,1.1,MOVE_WINDOW
2026-01-01 08:01:00,2026-01-01,8,1,1.099,MOVE_WINDOW
2026-01-01 08:02:00,2026-01-01,8,2,1.099,MOVE_WINDOW
2026-01-01 08:03:00,2026-01-01,8,3,1.098,MOVE_WINDOW
2026-01-01 08:04:00,2026-01-01,8,4,1.098,MOVE_WINDOW
2026-01-01 08:05:00,2026-01-01,8,5,1.097,MOVE_WINDOW
2026-01-01 08:06:00,2026-01-01,8,6,1.097,MOVE_WINDOW
2026-01-01 08:07:00,2026-01-01,8,7,1.096,MOVE_WINDOW
2026-01-01 08:08:00,2026-01-01,8,8,1.096,MOVE_WINDOW
2026-01-01 08:09:00,2026-01-01,8,9,1.095,MOVE_WINDOW
2026-01-01 08:10:00,2026-01-01,8,10,1.095,MOVE_WINDOW
2026-01-01 08:11:00,2026-01-01,8,11,1.094,MOVE_WINDOW
2026-01-01 08:12:00,2026-01-01,8,12,1.093,MOVE_WINDOW
2026-01-01 08:13:00,2026-01-01,8,13,1.093,MOVE_WINDOW
2026-01-01 08:14:00,2026-01-01,8,14,1.092,MOVE_WINDOW
2026-01-01 08:15:00,2026-01-01,8,15,1.092,MOVE_WINDOW
2026-01-01 08:16:00,2026-01-01,8,16,1.091,MOVE_WINDOW
2026-01-01 08:17:00,2026-01-01,8,17,1.091,MOVE_WINDOW
2026-01-01 08:18:00,2026-01-01,8,18,1.09,MOVE_WINDOW
2026-01-01 08:19:00,2026-01-01,8,19,1.09,MOVE_WINDOW
2026-01-01 08:20:00,2026-01-01,8,20,1.089,MOVE_WINDOW
2026-01-01 08:21:00,2026-01-01,8,21,1.088,MOVE_WINDOW
2026-01-01 08:22:00,2026-01-01,8,22,1.088,MOVE_WINDOW
2026-01-01 08:23:00,2026-01-01,8,23,1.087,MOVE_WINDOW
2026-01-01 08:24:00,2026-01-01,8,24,1.087,MOVE_WINDOW
2026-01-01 08:25:00,2026-01-01,8,25,1.086,MOVE_WINDOW
2026-01-01 08:26:00,2026-01-01,8,26,1.086,MOVE_WINDOW
2026-01-01 08:27:00,2026-01-01,8,27,1.085,MOVE_WINDOW
2026-01-01 08:28:00,2026-01-01,8,28,1.085,MOVE_WINDOW
2026-01-01 08:29:00,2026-01-01,8,29,1.084,MOVE_WINDOW
2026-01-01 08:30:00,2026-01-01,8,30,1.083,MOVE_WINDOW
2026-01-01 08:31:00,2026-01-01,8,31,1.083,MOVE_WINDOW
2026-01-01 08:32:00,2026-01-01,8,32,1.082,MOVE_WINDOW
2026-01-01 08:33:00,2026-01-01,8,33,1.082,MOVE_WINDOW
2026-01-01 08:34:00,2026-01-01,8,34,1.081,MOVE_WINDOW
2026-01-01 08:35:00,2026-01-01,8,35,1.081,MOVE_WINDOW
2026-01-01 08:36:00,2026-01-01,8,36,1.08,MOVE_WINDOW
2026-01-01 08:37:00,2026-01-01,8,37,1.08,MOVE_WINDOW
2026-01-01 08:38:00,2026-01-01,8,38,1.079,MOVE_WINDOW
2026-01-01 08:39:00,2026-01-01,8,39,1.079,MOVE_WINDOW
2026-01-01 08:40:00,2026-01-01,8,40,1.078,MOVE_WINDOW
2026-01-01 08:41:00,2026-01-01,8,41,1.077,MOVE_WINDOW
2026-01-01 08:42:00,2026-01-01,8,42,1.077,MOVE_WINDOW
2026-01-01 08:43:00,2026-01-01,8,43,1.076,MOVE_WINDOW
2026-01-01 08:44:00,2026-01-01,8,44,1.076,MOVE_WINDOW
2026-01-01 08:45:00,2026-01-01,8,45,1.075,MOVE_WINDOW
2026-01-01 08:46:00,2026-01-01,8,46,1.075,MOVE_WINDOW
2026-01-01 08:47:00,2026-01-01,8,47,1.074,MOVE_WINDOW
2026-01-01 08:48:00,2026-01-01,8,48,1.074,MOVE_WINDOW
2026-01-01 08:49:00,2026-01-01,8,49,1.073,MOVE_WINDOW
2026-01-01 08:50:00,2026-01-01,8,50,1.073,MOVE_WINDOW
2026-01-01 08:51:00,2026-01-01,8,51,1.072,MOVE_WINDOW
2026-01-01 08:52:00,2026-01-01,8,52,1.071,MOVE_WINDOW
2026-01-01 08:53:00,2026-01-01,8,53,1.071,MOVE_WINDOW
2026-01-01 08:54:00,2026-01-01,8,54,1.07,MOVE_WINDOW
2026-01-01 08:55:00,2026-01-01,8,55,1.07,MOVE_WINDOW
2026-01-01 08:56:00,2026-01-01,8,56,1.069,MOVE_WINDOW
2026-01-01 08:57:00,2026-01-01,8,57,1.069,MOVE_WINDOW
2026-01-01 08:58:00,2026-01-01,8,58,1.068,MOVE_WINDOW
2026-01-01 08:59:00,2026-01-01,8,59,1.068,MOVE_WINDOW
2026-01-01 09:00:00,2026-01-01,9,0,1.067,MOVE_WINDOW
2026-01-01 09:01:00,2026-01-01,9,1,1.066,MOVE_WINDOW
2026-01-01 09:02:00,2026-01-01,9,2,1.065,MOVE_WINDOW
2026-01-01 09:03:00,2026-01-01,9,3,1.064,MOVE_WINDOW
2026-01-01 09:04:00,2026-01-01,9,4,1.063,MOVE_WINDOW
2026-01-01 09:05:00,2026-01-01,9,5,1.061,MOVE_WINDOW
2026-01-01 09:06:00,2026-01-01,9,6,1.06,MOVE_WINDOW
2026-01-01 09:07:00,2026-01-01,9,7,1.059,MOVE_WINDOW
2026-01-01 09:08:00,2026-01-01,9,8,1.058,MOVE_WINDOW
2026-01-01 09:09:00,2026-01-01,9,9,1.057,MOVE_WINDOW
2026-01-01 09:10:00,2026-01-01,9,10,1.056,MOVE_WINDOW
2026-01-01 09:11:00,2026-01-01,9,11,1.055,MOVE_WINDOW
2026-01-01 09:12:00,2026-01-01,9,12,1.054,MOVE_WINDOW
2026-01-01 09:13:00,2026-01-01,9,13,1.052,MOVE_WINDOW
2026-01-01 09:14:00,2026-01-01,9,14,1.051,MOVE_WINDOW
2026-01-01 09:15:00,2026-01-01,9,15,1.05,MOVE_WINDOW
2026-01-01 09:16:00,2026-01-01,9,16,1.049,MOVE_WINDOW
2026-01-01 09:17:00,2026-01-01,9,17,1.048,MOVE_WINDOW
2026-01-01 09:18:00,2026-01-01,9,18,1.047,MOVE_WINDOW
2026-01-01 09:19:00,2026-01-01,9,19,1.046,MOVE_WINDOW
2026-01-01 09:20:00,2026-01-01,9,20,1.045,MOVE_WINDOW
2026-01-01 09:21:00,2026-01-01,9,21,1.044,MOVE_WINDOW
2026-01-01 09:22:00,2026-01-01,9,22,1.042,MOVE_WINDOW
2026-01-01 09:23:00,2026-01-01,9,23,1.041,MOVE_WINDOW
2026-01-01 09:24:00,2026-01-01,9,24,1.04,MOVE_WINDOW
2026-01-01 09:25:00,2026-01-01,9,25,1.039,MOVE_WINDOW
2026-01-01 09:26:00,2026-01-01,9,26,1.038,MOVE_WINDOW
2026-01-01 09:27:00,2026-01-01,9,27,1.037,MOVE_WINDOW
2026-01-01 09:28:00,2026-01-01,9,28,1.036,MOVE_WINDOW
2026-01-01 09:29:00,2026-01-01,9,29,1.035,MOVE_WINDOW
2026-01-01 09:30:00,2026-01-01,9,30,1.034,MOVE_WINDOW
2026-01-01 09:31:00,2026-01-01,9,31,1.032,MOVE_WINDOW
2026-01-01 09:32:00,2026-01-01,9,32,1.031,MOVE_WINDOW
2026-01-01 09:33:00,2026-01-01,9,33,1.03,MOVE_WINDOW
2026-01-01 09:34:00,2026-01-01,9,34,1.029,MOVE_WINDOW
2026-01-01 09:35:00,2026-01-01,9,35,1.028,MOVE_WINDOW
2026-01-01 09:36:00,2026-01-01,9,36,1.027,MOVE_WINDOW
2026-01-01 09:37:00,2026-01-01,9,37,1.026,MOVE_WINDOW
2026-01-01 09:38:00,2026-01-01,9,38,1.025,MOVE_WINDOW
2026-01-01 09:39:00,2026-01-01,9,39,1.023,MOVE_WINDOW
2026-01-01 09:40:00,2026-01-01,9,40,1.022,MOVE_WINDOW
2026-01-01 09:41:00,2026-01-01,9,41,1.021,MOVE_WINDOW
2026-01-01 09:42:00,2026-01-01,9,42,1.02,MOVE_WINDOW
2026-01-01 09:43:00,2026-01-01,9,43,1.019,MOVE_WINDOW
2026-01-01 09:44:00,2026-01-01,9,44,1.018,MOVE_WINDOW
2026-01-01 09:45:00,2026-01-01,9,45,1.017,MOVE_WINDOW
2026-01-01 09:46:00,2026-01-01,9,46,1.016,MOVE_WINDOW
2026-01-01 09:47:00,2026-01-01,9,47,1.015,MOVE_WINDOW
2026-01-01 09:48:00,2026-01-01,9,48,1.013,MOVE_WINDOW
2026-01-01 09:49:00,2026-01-01,9,49,1.012,MOVE_WINDOW
2026-01-01 09:50:00,2026-01-01,9,50,1.011,MOVE_WINDOW
2026-01-01 09:51:00,2026-01-01,9,51,1.01,MOVE_WINDOW
2026-01-01 09:52:00,2026-01-01,9,52,1.009,MOVE_WINDOW
2026-01-01 09:53:00,2026-01-01,9,53,1.008,MOVE_WINDOW
2026-01-01 09:54:00,2026-01-01,9,54,1.007,MOVE_WINDOW
2026-01-01 09:55:00,2026-01-01,9,55,1.006,MOVE_WINDOW
2026-01-01 09:56:00,2026-01-01,9,56,1.004,MOVE_WINDOW
2026-01-01 09:57:00,2026-01-01,9,57,1.003,MOVE_WINDOW
2026-01-01 09:58:00,2026-01-01,9,58,1.002,MOVE_WINDOW
2026-01-01 09:59:00,2026-01-01,9,59,1.001,MOVE_WINDOW
2026-01-01 10:00:00,2026-01-01,10,0,1.0,MOVE_WINDOW
2026-01-01 10:01:00,2026-01-01,10,1,1.001,MOVE_WINDOW
2026-01-01 10:02:00,2026-01-01,10,2,1.003,MOVE_WINDOW
2026-01-01 10:03:00,2026-01-01,10,3,1.004,MOVE_WINDOW
2026-01-01 10:04:00,2026-01-01,10,4,1.005,MOVE_WINDOW
2026-01-01 10:05:00,2026-01-01,10,5,1.006,MOVE_WINDOW
2026-01-01 10:06:00,2026-01-01,10,6,1.008,MOVE_WINDOW
2026-01-01 10:07:00,2026-01-01,10,7,1.009,MOVE_WINDOW
2026-01-01 10:08:00,2026-01-01,10,8,1.01,MOVE_WINDOW
2026-01-01 10:09:00,2026-01-01,10,9,1.012,MOVE_WINDOW
2026-01-01 10:10:00,2026-01-01,10,10,1.013,MOVE_WINDOW
2026-01-01 10:11:00,2026-01-01,10,11,1.014,MOVE_WINDOW
2026-01-01 10:12:00,2026-01-01,10,12,1.015,MOVE_WINDOW
2026-01-01 10:13:00,2026-01-01,10,13,1.017,MOVE_WINDOW
2026-01-01 10:14:00,2026-01-01,10,14,1.018,MOVE_WINDOW
2026-01-01 10:15:00,2026-01-01,10,15,1.019,MOVE_WINDOW
2026-01-01 10:16:00,2026-01-01,10,16,1.021,MOVE_WINDOW
2026-01-01 10:17:00,2026-01-01,10,17,1.022,MOVE_WINDOW
2026-01-01 10:18:00,2026-01-01,10,18,1.023,MOVE_WINDOW
2026-01-01 10:19:00,2026-01-01,10,19,1.024,MOVE_WINDOW
2026-01-01 10:20:00,2026-01-01,10,20,1.026,MOVE_WINDOW
2026-01-01 10:21:00,2026-01-01,10,21,1.027,MOVE_WINDOW
2026-01-01 10:22:00,2026-01-01,10,22,1.028,MOVE_WINDOW
2026-01-01 10:23:00,2026-01-01,10,23,1.03,MOVE_WINDOW
2026-01-01 10:24:00,2026-01-01,10,24,1.031,MOVE_WINDOW
2026-01-01 10:25:00,2026-01-01,10,25,1.032,MOVE_WINDOW
2026-01-01 10:26:00,2026-01-01,10,26,1.033,MOVE_WINDOW
2026-01-01 10:27:00,2026-01-01,10,27,1.035,MOVE_WINDOW
2026-01-01 10:28:00,2026-01-01,10,28,1.036,MOVE_WINDOW
2026-01-01 10:29:00,2026-01-01,10,29,1.037,MOVE_WINDOW
2026-01-01 10:30:00,2026-01-01,10,30,1.038,MOVE_WINDOW
2026-01-01 10:31:00,2026-01-01,10,31,1.04,MOVE_WINDOW
2026-01-01 10:32:00,2026-01-01,10,32,1.041,MOVE_WINDOW
2026-01-01 10:33:00,2026-01-01,10,33,1.042,MOVE_WINDOW
2026-01-01 10:34:00,2026-01-01,10,34,1.044,MOVE_WINDOW
2026-01-01 10:35:00,2026-01-01,10,35,1.045,MOVE_WINDOW
2026-01-01 10:36:00,2026-01-01,10,36,1.046,MOVE_WINDOW
2026-01-01 10:37:00,2026-01-01,10,37,1.047,MOVE_WINDOW
2026-01-01 10:38:00,2026-01-01,10,38,1.049,MOVE_WINDOW
2026-01-01 10:39:00,2026-01-01,10,39,1.05,MOVE_WINDOW
2026-01-01 10:40:00,2026-01-01,10,40,1.051,MOVE_WINDOW
2026-01-01 10:41:00,2026-01-01,10,41,1.053,MOVE_WINDOW
2026-01-01 10:42:00,2026-01-01,10,42,1.054,MOVE_WINDOW
2026-01-01 10:43:00,2026-01-01,10,43,1.055,MOVE_WINDOW
2026-01-01 10:44:00,2026-01-01,10,44,1.056,MOVE_WINDOW
2026-01-01 10:45:00,2026-01-01,10,45,1.058,MOVE_WINDOW
2026-01-01 10:46:00,2026-01-01,10,46,1.059,MOVE_WINDOW
2026-01-01 10:47:00,2026-01-01,10,47,1.06,MOVE_WINDOW
2026-01-01 10:48:00,2026-01-01,10,48,1.062,MOVE_WINDOW
2026-01-01 10:49:00,2026-01-01,10,49,1.063,MOVE_WINDOW
2026-01-01 10:50:00,2026-01-01,10,50,1.064,MOVE_WINDOW
2026-01-01 10:51:00,2026-01-01,10,51,1.065,MOVE_WINDOW
2026-01-01 10:52:00,2026-01-01,10,52,1.067,MOVE_WINDOW
2026-01-01 10:53:00,2026-01-01,10,53,1.068,MOVE_WINDOW
2026-01-01 10:54:00,2026-01-01,10,54,1.069,MOVE_WINDOW
2026-01-01 10:55:00,2026-01-01,10,55,1.071,MOVE_WINDOW
2026-01-01 10:56:00,2026-01-01,10,56,1.072,MOVE_WINDOW
2026-01-01 10:57:00,2026-01-01,10,57,1.073,MOVE_WINDOW
2026-01-01 10:58:00,2026-01-01,10,58,1.074,MOVE_WINDOW
2026-01-01 10:59:00,2026-01-01,10,59,1.076,MOVE_WINDOW
2026-01-01 11:00:00,2026-01-01,11,0,1.077,MOVE_WINDOW
2026-01-01 11:01:00,2026-01-01,11,1,1.077,MOVE_WINDOW
2026-01-01 11:02:00,2026-01-01,11,2,1.077,MOVE_WINDOW
2026-01-01 11:03:00,2026-01-01,11,3,1.077,MOVE_WINDOW
2026-01-01 11:04:00,2026-01-01,11,4,1.077,MOVE_WINDOW
2026-01-01 11:05:00,2026-01-01,11,5,1.077,MOVE_WINDOW
2026-01-01 11:06:00,2026-01-01,11,6,1.077,MOVE_WINDOW
2026-01-01 11:07:00,2026-01-01,11,7,1.077,MOVE_WINDOW
2026-01-01 11:08:00,2026-01-01,11,8,1.077,MOVE_WINDOW
2026-01-01 11:09:00,2026-01-01,11,9,1.077,MOVE_WINDOW
2026-01-01 11:10:00,2026-01-01,11,10,1.077,MOVE_WINDOW
2026-01-01 11:11:00,2026-01-01,11,11,1.077,MOVE_WINDOW
2026-01-01 11:12:00,2026-01-01,11,12,1.077,MOVE_WINDOW
2026-01-01 11:13:00,2026-01-01,11,13,1.077,MOVE_WINDOW
2026-01-01 11:14:00,2026-01-01,11,14,1.077,MOVE_WINDOW
2026-01-01 11:15:00,2026-01-01,11,15,1.077,MOVE_WINDOW
2026-01-01 11:16:00,2026-01-01,11,16,1.077,MOVE_WINDOW
2026-01-01 11:17:00,2026-01-01,11,17,1.077,MOVE_WINDOW
2026-01-01 11:18:00,2026-01-01,11,18,1.077,MOVE_WINDOW
2026-01-01 11:19:00,2026-01-01,11,19,1.077,MOVE_WINDOW
2026-01-01 11:20:00,2026-01-01,11,20,1.077,MOVE_WINDOW
2026-01-01 11:21:00,2026-01-01,11,21,1.077,MOVE_WINDOW
2026-01-01 11:22:00,2026-01-01,11,22,1.077,MOVE_WINDOW
2026-01-01 11:23:00,2026-01-01,11,23,1.077,MOVE_WINDOW
2026-01-01 11:24:00,2026-01-01,11,24,1.077,MOVE_WINDOW
2026-01-01 11:25:00,2026-01-01,11,25,1.077,MOVE_WINDOW
2026-01-01 11:26:00,2026-01-01,11,26,1.077,MOVE_WINDOW
2026-01-01 11:27:00,2026-01-01,11,27,1.077,MOVE_WINDOW
2026-01-01 11:28:00,2026-01-01,11,28,1.077,MOVE_WINDOW
2026-01-01 11:29:00,2026-01-01,11,29,1.077,MOVE_WINDOW
2026-01-01 11:30:00,2026-01-01,11,30,1.077,MOVE_WINDOW
2026-01-01 11:31:00,2026-01-01,11,31,1.077,MOVE_WINDOW
2026-01-01 11:32:00,2026-01-01,11,32,1.077,MOVE_WINDOW
2026-01-01 11:33:00,2026-01-01,11,33,1.077,MOVE_WINDOW
2026-01-01 11:34:00,2026-01-01,11,34,1.077,MOVE_WINDOW
2026-01-01 11:35:00,2026-01-01,11,35,1.077,MOVE_WINDOW
2026-01-01 11:36:00,2026-01-01,11,36,1.077,MOVE_WINDOW
2026-01-01 11:37:00,2026-01-01,11,37,1.077,MOVE_WINDOW
2026-01-01 11:38:00,2026-01-01,11,38,1.077,MOVE_WINDOW
2026-01-01 11:39:00,2026-01-01,11,39,1.077,MOVE_WINDOW
2026-01-01 11:40:00,2026-01-01,11,40,1.077,MOVE_WINDOW
2026-01-01 11:41:00,2026-01-01,11,41,1.077,MOVE_WINDOW
2026-01-01 11:42:00,2026-01-01,11,42,1.077,MOVE_WINDOW
2026-01-01 11:43:00,2026-01-01,11,43,1.077,MOVE_WINDOW
2026-01-01 11:44:00,2026-01-01,11,44,1.077,MOVE_WINDOW
2026-01-01 11:45:00,2026-01-01,11,45,1.077,MOVE_WINDOW
2026-01-01 11:46:00,2026-01-01,11,46,1.077,MOVE_WINDOW
2026-01-01 11:47:00,2026-01-01,11,47,1.077,MOVE_WINDOW
2026-01-01 11:48:00,2026-01-01,11,48,1.077,MOVE_WINDOW
2026-01-01 11:49:00,2026-01-01,11,49,1.077,MOVE_WINDOW
2026-01-01 11:50:00,2026-01-01,11,50,1.077,MOVE_WINDOW
2026-01-01 11:51:00,2026-01-01,11,51,1.077,MOVE_WINDOW
2026-01-01 11:52:00,2026-01-01,11,52,1.077,MOVE_WINDOW
2026-01-01 11:53:00,2026-01-01,11,53,1.077,MOVE_WINDOW
2026-01-01 11:54:00,2026-01-01,11,54,1.077,MOVE_WINDOW
2026-01-01 11:55:00,2026-01-01,11,55,1.077,MOVE_WINDOW
2026-01-01 11:56:00,2026-01-01,11,56,1.077,MOVE_WINDOW
2026-01-01 11:57:00,2026-01-01,11,57,1.077,MOVE_WINDOW
2026-01-01 11:58:00,2026-01-01,11,58,1.077,MOVE_WINDOW
2026-01-01 11:59:00,2026-01-01,11,59,1.077,MOVE_WINDOW
2026-01-01 12:00:00,2026-01-01,12,0,1.077,MOVE_WINDOW
2026-01-01 12:01:00,2026-01-01,12,1,1.075,MOVE_WINDOW
2026-01-01 12:02:00,2026-01-01,12,2,1.074,MOVE_WINDOW
2026-01-01 12:03:00,2026-01-01,12,3,1.072,MOVE_WINDOW
2026-01-01 12:04:00,2026-01-01,12,4,1.07,MOVE_WINDOW
2026-01-01 12:05:00,2026-01-01,12,5,1.069,MOVE_WINDOW
2026-01-01 12:06:00,2026-01-01,12,6,1.067,MOVE_WINDOW
2026-01-01 12:07:00,2026-01-01,12,7,1.065,MOVE_WINDOW
2026-01-01 12:08:00,2026-01-01,12,8,1.064,MOVE_WINDOW
2026-01-01 12:09:00,2026-01-01,12,9,1.062,MOVE_WINDOW
2026-01-01 12:10:00,2026-01-01,12,10,1.06,MOVE_WINDOW
2026-01-01 12:11:00,2026-01-01,12,11,1.059,MOVE_WINDOW
2026-01-01 12:12:00,2026-01-01,12,12,1.057,MOVE_WINDOW
2026-01-01 12:13:00,2026-01-01,12,13,1.055,MOVE_WINDOW
2026-01-01 12:14:00,2026-01-01,12,14,1.054,MOVE_WINDOW
2026-01-01 12:15:00,2026-01-01,12,15,1.052,MOVE_WINDOW
2026-01-01 12:16:00,2026-01-01,12,16,1.05,MOVE_WINDOW
2026-01-01 12:17:00,2026-01-01,12,17,1.049,MOVE_WINDOW
2026-01-01 12:18:00,2026-01-01,12,18,1.047,MOVE_WINDOW
2026-01-01 12:19:00,2026-01-01,12,19,1.045,MOVE_WINDOW
2026-01-01 12:20:00,2026-01-01,12,20,1.044,MOVE_WINDOW
2026-01-01 12:21:00,2026-01-01,12,21,1.042,MOVE_WINDOW
2026-01-01 12:22:00,2026-01-01,12,22,1.04,MOVE_WINDOW
2026-01-01 12:23:00,2026-01-01,12,23,1.039,MOVE_WINDOW
2026-01-01 12:24:00,2026-01-01,12,24,1.037,MOVE_WINDOW
2026-01-01 12:25:00,2026-01-01,12,25,1.035,MOVE_WINDOW
2026-01-01 12:26:00,2026-01-01,12,26,1.034,MOVE_WINDOW
2026-01-01 12:27:00,2026-01-01,12,27,1.032,MOVE_WINDOW
2026-01-01 12:28:00,2026-01-01,12,28,1.03,MOVE_WINDOW
2026-01-01 12:29:00,2026-01-01,12,29,1.029,MOVE_WINDOW
2026-01-01 12:30:00,2026-01-01,12,30,1.027,MOVE_WINDOW
2026-01-01 12:31:00,2026-01-01,12,31,1.025,MOVE_WINDOW
2026-01-01 12:32:00,2026-01-01,12,32,1.024,MOVE_WINDOW
2026-01-01 12:33:00,2026-01-01,12,33,1.022,MOVE_WINDOW
2026-01-01 12:34:00,2026-01-01,12,34,1.02,MOVE_WINDOW
2026-01-01 12:35:00,2026-01-01,12,35,1.019,MOVE_WINDOW
2026-01-01 12:36:00,2026-01-01,12,36,1.017,MOVE_WINDOW
2026-01-01 12:37:00,2026-01-01,12,37,1.015,MOVE_WINDOW
2026-01-01 12:38:00,2026-01-01,12,38,1.014,MOVE_WINDOW
2026-01-01 12:39:00,2026-01-01,12,39,1.012,MOVE_WINDOW
2026-01-01 12:40:00,2026-01-01,12,40,1.01,MOVE_WINDOW
2026-01-01 12:41:00,2026-01-01,12,41,1.009,MOVE_WINDOW
2026-01-01 12:42:00,2026-01-01,12,42,1.007,MOVE_WINDOW
2026-01-01 12:43:00,2026-01-01,12,43,1.005,MOVE_WINDOW
2026-01-01 12:44:00,2026-01-01,12,44,1.004,MOVE_WINDOW
2026-01-01 12:45:00,2026-01-01,12,45,1.002,MOVE_WINDOW
2026-01-01 12:46:00,2026-01-01,12,46,1.0,MOVE_WINDOW
2026-01-01 12:47:00,2026-01-01,12,47,0.999,MOVE_WINDOW
2026-01-01 12:48:00,2026-01-01,12,48,0.997,MOVE_WINDOW
2026-01-01 12:49:00,2026-01-01,12,49,0.995,MOVE_WINDOW
2026-01-01 12:50:00,2026-01-01,12,50,0.994,MOVE_WINDOW
2026-01-01 12:51:00,2026-01-01,12,51,0.992,MOVE_WINDOW
2026-01-01 12:52:00,2026-01-01,12,52,0.99,MOVE_WINDOW
2026-01-01 12:53:00,2026-01-01,12,53,0.989,MOVE_WINDOW
2026-01-01 12:54:00,2026-01-01,12,54,0.987,MOVE_WINDOW
2026-01-01 12:55:00,2026-01-01,12,55,0.985,MOVE_WINDOW
2026-01-01 12:56:00,2026-01-01,12,56,0.984,MOVE_WINDOW
2026-01-01 12:57:00,2026-01-01,12,57,0.982,MOVE_WINDOW
2026-01-01 12:58:00,2026-01-01,12,58,0.98,MOVE_WINDOW
2026-01-01 12:59:00,2026-01-01,12,59,0.979,MOVE_WINDOW
2026-01-01 13:00:00,2026-01-01,13,0,0.977,MOVE_WINDOW
2026-01-01 13:01:00,2026-01-01,13,1,0.974,MOVE_WINDOW
2026-01-01 13:02:00,2026-01-01,13,2,0.971,MOVE_WINDOW
2026-01-01 13:03:00,2026-01-01,13,3,0.968,MOVE_WINDOW
2026-01-01 13:04:00,2026-01-01,13,4,0.965,MOVE_WINDOW
2026-01-01 13:05:00,2026-01-01,13,5,0.962,MOVE_WINDOW
2026-01-01 13:06:00,2026-01-01,13,6,0.959,MOVE_WINDOW
2026-01-01 13:07:00,2026-01-01,13,7,0.956,MOVE_WINDOW
2026-01-01 13:08:00,2026-01-01,13,8,0.953,MOVE_WINDOW
2026-01-01 13:09:00,2026-01-01,13,9,0.95,MOVE_WINDOW
2026-01-01 13:10:00,2026-01-01,13,10,0.948,MOVE_WINDOW
2026-01-01 13:11:00,2026-01-01,13,11,0.945,MOVE_WINDOW
2026-01-01 13:12:00,2026-01-01,13,12,0.942,MOVE_WINDOW
2026-01-01 13:13:00,2026-01-01,13,13,0.939,MOVE_WINDOW
2026-01-01 13:14:00,2026-01-01,13,14,0.936,MOVE_WINDOW
2026-01-01 13:15:00,2026-01-01,13,15,0.933,MOVE_WINDOW
2026-01-01 13:16:00,2026-01-01,13,16,0.93,MOVE_WINDOW
2026-01-01 13:17:00,2026-01-01,13,17,0.927,MOVE_WINDOW
2026-01-01 13:18:00,2026-01-01,13,18,0.924,MOVE_WINDOW
2026-01-01 13:19:00,2026-01-01,13,19,0.921,MOVE_WINDOW
2026-01-01 13:20:00,2026-01-01,13,20,0.918,MOVE_WINDOW
2026-01-01 13:21:00,2026-01-01,13,21,0.915,MOVE_WINDOW
2026-01-01 13:22:00,2026-01-01,13,22,0.912,MOVE_WINDOW
2026-01-01 13:23:00,2026-01-01,13,23,0.909,MOVE_WINDOW
2026-01-01 13:24:00,2026-01-01,13,24,0.906,MOVE_WINDOW
2026-01-01 13:25:00,2026-01-01,13,25,0.903,MOVE_WINDOW
2026-01-01 13:26:00,2026-01-01,13,26,0.9,MOVE_WINDOW
2026-01-01 13:27:00,2026-01-01,13,27,0.897,MOVE_WINDOW
2026-01-01 13:28:00,2026-01-01,13,28,0.894,MOVE_WINDOW
2026-01-01 13:29:00,2026-01-01,13,29,0.891,MOVE_WINDOW
2026-01-01 13:30:00,2026-01-01,13,30,0.889,MOVE_WINDOW
2026-01-01 13:31:00,2026-01-01,13,31,0.886,MOVE_WINDOW
2026-01-01 13:32:00,2026-01-01,13,32,0.883,MOVE_WINDOW
2026-01-01 13:33:00,2026-01-01,13,33,0.88,MOVE_WINDOW
2026-01-01 13:34:00,2026-01-01,13,34,0.877,MOVE_WINDOW
2026-01-01 13:35:00,2026-01-01,13,35,0.874,MOVE_WINDOW
2026-01-01 13:36:00,2026-01-01,13,36,0.871,MOVE_WINDOW
2026-01-01 13:37:00,2026-01-01,13,37,0.868,MOVE_WINDOW
2026-01-01 13:38:00,2026-01-01,13,38,0.865,MOVE_WINDOW
2026-01-01 13:39:00,2026-01-01,13,39,0.862,MOVE_WINDOW
2026-01-01 13:40:00,2026-01-01,13,40,0.859,MOVE_WINDOW
2026-01-01 13:41:00,2026-01-01,13,41,0.856,MOVE_WINDOW
2026-01-01 13:42:00,2026-01-01,13,42,0.853,MOVE_WINDOW
2026-01-01 13:43:00,2026-01-01,13,43,0.85,MOVE_WINDOW
2026-01-01 13:44:00,2026-01-01,13,44,0.847,MOVE_WINDOW
2026-01-01 13:45:00,2026-01-01,13,45,0.844,MOVE_WINDOW
2026-01-01 13:46:00,2026-01-01,13,46,0.841,MOVE_WINDOW
2026-01-01 13:47:00,2026-01-01,13,47,0.838,MOVE_WINDOW
2026-01-01 13:48:00,2026-01-01,13,48,0.835,MOVE_WINDOW
2026-01-01 13:49:00,2026-01-01,13,49,0.832,MOVE_WINDOW
2026-01-01 13:50:00,2026-01-01,13,50,0.83,MOVE_WINDOW
2026-01-01 13:51:00,2026-01-01,13,51,0.827,MOVE_WINDOW
2026-01-01 13:52:00,2026-01-01,13,52,0.824,MOVE_WINDOW
2026-01-01 13:53:00,2026-01-01,13,53,0.821,MOVE_WINDOW
2026-01-01 13:54:00,2026-01-01,13,54,0.818,MOVE_WINDOW
2026-01-01 13:55:00,2026-01-01,13,55,0.815,MOVE_WINDOW
2026-01-01 13:56:00,2026-01-01,13,56,0.812,MOVE_WINDOW
2026-01-01 13:57:00,2026-01-01,13,57,0.809,MOVE_WINDOW
2026-01-01 13:58:00,2026-01-01,13,58,0.806,MOVE_WINDOW
2026-01-01 13:59:00,2026-01-01,13,59,0.803,MOVE_WINDOW
2026-01-01 14:00:00,2026-01-01,14,0,0.8,MOVE_WINDOW
2026-01-01 14:01:00,2026-01-01,14,1,0.795,TRANSITION
2026-01-01 14:02:00,2026-01-01,14,2,0.79,TRANSITION
2026-01-01 14:03:00,2026-01-01,14,3,0.785,TRANSITION
2026-01-01 14:04:00,2026-01-01,14,4,0.78,TRANSITION
2026-01-01 14:05:00,2026-01-01,14,5,0.775,TRANSITION
2026-01-01 14:06:00,2026-01-01,14,6,0.77,TRANSITION
2026-01-01 14:07:00,2026-01-01,14,7,0.765,TRANSITION
2026-01-01 14:08:00,2026-01-01,14,8,0.76,TRANSITION
2026-01-01 14:09:00,2026-01-01,14,9,0.755,TRANSITION
2026-01-01 14:10:00,2026-01-01,14,10,0.75,TRANSITION
2026-01-01 14:11:00,2026-01-01,14,11,0.745,TRANSITION
2026-01-01 14:12:00,2026-01-01,14,12,0.74,TRANSITION
2026-01-01 14:13:00,2026-01-01,14,13,0.735,TRANSITION
2026-01-01 14:14:00,2026-01-01,14,14,0.73,TRANSITION
2026-01-01 14:15:00,2026-01-01,14,15,0.725,TRANSITION
2026-01-01 14:16:00,2026-01-01,14,16,0.72,TRANSITION
2026-01-01 14:17:00,2026-01-01,14,17,0.715,TRANSITION
2026-01-01 14:18:00,2026-01-01,14,18,0.71,TRANSITION
2026-01-01 14:19:00,2026-01-01,14,19,0.705,TRANSITION
2026-01-01 14:20:00,2026-01-01,14,20,0.7,TRANSITION
2026-01-01 14:21:00,2026-01-01,14,21,0.695,TRANSITION
2026-01-01 14:22:00,2026-01-01,14,22,0.69,TRANSITION
2026-01-01 14:23:00,2026-01-01,14,23,0.685,TRANSITION
2026-01-01 14:24:00,2026-01-01,14,24,0.68,TRANSITION
2026-01-01 14:25:00,2026-01-01,14,25,0.675,TRANSITION
2026-01-01 14:26:00,2026-01-01,14,26,0.67,TRANSITION
2026-01-01 14:27:00,2026-01-01,14,27,0.665,TRANSITION
2026-01-01 14:28:00,2026-01-01,14,28,0.66,TRANSITION
2026-01-01 14:29:00,2026-01-01,14,29,0.655,TRANSITION
2026-01-01 14:30:00,2026-01-01,14,30,0.65,TRANSITION
2026-01-01 14:31:00,2026-01-01,14,31,0.645,TRANSITION
2026-01-01 14:32:00,2026-01-01,14,32,0.64,TRANSITION
2026-01-01 14:33:00,2026-01-01,14,33,0.635,TRANSITION
2026-01-01 14:34:00,2026-01-01,14,34,0.63,TRANSITION
2026-01-01 14:35:00,2026-01-01,14,35,0.625,TRANSITION
2026-01-01 14:36:00,2026-01-01,14,36,0.62,TRANSITION
2026-01-01 14:37:00,2026-01-01,14,37,0.615,TRANSITION
2026-01-01 14:38:00,2026-01-01,14,38,0.61,TRANSITION
2026-01-01 14:39:00,2026-01-01,14,39,0.605,TRANSITION
2026-01-01 14:40:00,2026-01-01,14,40,0.6,TRANSITION
2026-01-01 14:41:00,2026-01-01,14,41,0.595,TRANSITION
2026-01-01 14:42:00,2026-01-01,14,42,0.59,TRANSITION
2026-01-01 14:43:00,2026-01-01,14,43,0.585,TRANSITION
2026-01-01 14:44:00,2026-01-01,14,44,0.58,TRANSITION
2026-01-01 14:45:00,2026-01-01,14,45,0.575,TRANSITION
2026-01-01 14:46:00,2026-01-01,14,46,0.57,TRANSITION
2026-01-01 14:47:00,2026-01-01,14,47,0.565,TRANSITION
2026-01-01 14:48:00,2026-01-01,14,48,0.56,TRANSITION
2026-01-01 14:49:00,2026-01-01,14,49,0.555,TRANSITION
2026-01-01 14:50:00,2026-01-01,14,50,0.55,TRANSITION
2026-01-01 14:51:00,2026-01-01,14,51,0.545,TRANSITION
2026-01-01 14:52:00,2026-01-01,14,52,0.54,TRANSITION
2026-01-01 14:53:00,2026-01-01,14,53,0.535,TRANSITION
2026-01-01 14:54:00,2026-01-01,14,54,0.53,TRANSITION
2026-01-01 14:55:00,2026-01-01,14,55,0.525,TRANSITION
2026-01-01 14:56:00,2026-01-01,14,56,0.52,TRANSITION
2026-01-01 14:57:00,2026-01-01,14,57,0.515,TRANSITION
2026-01-01 14:58:00,2026-01-01,14,58,0.51,TRANSITION
2026-01-01 14:59:00,2026-01-01,14,59,0.505,TRANSITION
2026-01-01 15:00:00,2026-01-01,15,0,0.5,TRANSITION
2026-01-01 15:01:00,2026-01-01,15,1,0.495,TRANSITION
2026-01-01 15:02:00,2026-01-01,15,2,0.49,TRANSITION
2026-01-01 15:03:00,2026-01-01,15,3,0.485,TRANSITION
2026-01-01 15:04:00,2026-01-01,15,4,0.48,TRANSITION
2026-01-01 15:05:00,2026-01-01,15,5,0.475,TRANSITION
2026-01-01 15:06:00,2026-01-01,15,6,0.47,TRANSITION
2026-01-01 15:07:00,2026-01-01,15,7,0.465,TRANSITION
2026-01-01 15:08:00,2026-01-01,15,8,0.46,TRANSITION
2026-01-01 15:09:00,2026-01-01,15,9,0.455,TRANSITION
2026-01-01 15:10:00,2026-01-01,15,10,0.45,TRANSITION
2026-01-01 15:11:00,2026-01-01,15,11,0.445,TRANSITION
2026-01-01 15:12:00,2026-01-01,15,12,0.44,TRANSITION
2026-01-01 15:13:00,2026-01-01,15,13,0.435,TRANSITION
2026-01-01 15:14:00,2026-01-01,15,14,0.43,TRANSITION
2026-01-01 15:15:00,2026-01-01,15,15,0.425,TRANSITION
2026-01-01 15:16:00,2026-01-01,15,16,0.42,TRANSITION
2026-01-01 15:17:00,2026-01-01,15,17,0.415,TRANSITION
2026-01-01 15:18:00,2026-01-01,15,18,0.41,TRANSITION
2026-01-01 15:19:00,2026-01-01,15,19,0.405,TRANSITION
2026-01-01 15:20:00,2026-01-01,15,20,0.4,TRANSITION
2026-01-01 15:21:00,2026-01-01,15,21,0.395,TRANSITION
2026-01-01 15:22:00,2026-01-01,15,22,0.39,TRANSITION
2026-01-01 15:23:00,2026-01-01,15,23,0.385,TRANSITION
2026-01-01 15:24:00,2026-01-01,15,24,0.38,TRANSITION
2026-01-01 15:25:00,2026-01-01,15,25,0.375,TRANSITION
2026-01-01 15:26:00,2026-01-01,15,26,0.37,TRANSITION
2026-01-01 15:27:00,2026-01-01,15,27,0.365,TRANSITION
2026-01-01 15:28:00,2026-01-01,15,28,0.36,TRANSITION
2026-01-01 15:29:00,2026-01-01,15,29,0.355,TRANSITION
2026-01-01 15:30:00,2026-01-01,15,30,0.35,TRANSITION
2026-01-01 15:31:00,2026-01-01,15,31,0.345,TRANSITION
2026-01-01 15:32:00,2026-01-01,15,32,0.34,TRANSITION
2026-01-01 15:33:00,2026-01-01,15,33,0.335,TRANSITION
2026-01-01 15:34:00,2026-01-01,15,34,0.33,TRANSITION
2026-01-01 15:35:00,2026-01-01,15,35,0.325,TRANSITION
2026-01-01 15:36:00,2026-01-01,15,36,0.32,TRANSITION
2026-01-01 15:37:00,2026-01-01,15,37,0.315,TRANSITION
2026-01-01 15:38:00,2026-01-01,15,38,0.31,TRANSITION
2026-01-01 15:39:00,2026-01-01,15,39,0.305,TRANSITION
2026-01-01 15:40:00,2026-01-01,15,40,0.3,TRANSITION
2026-01-01 15:41:00,2026-01-01,15,41,0.295,TRANSITION
2026-01-01 15:42:00,2026-01-01,15,42,0.29,TRANSITION
2026-01-01 15:43:00,2026-01-01,15,43,0.285,TRANSITION
2026-01-01 15:44:00,2026-01-01,15,44,0.28,TRANSITION
2026-01-01 15:45:00,2026-01-01,15,45,0.275,TRANSITION
2026-01-01 15:46:00,2026-01-01,15,46,0.27,TRANSITION
2026-01-01 15:47:00,2026-01-01,15,47,0.265,TRANSITION
2026-01-01 15:48:00,2026-01-01,15,48,0.26,TRANSITION
2026-01-01 15:49:00,2026-01-01,15,49,0.255,TRANSITION
2026-01-01 15:50:00,2026-01-01,15,50,0.25,TRANSITION
2026-01-01 15:51:00,2026-01-01,15,51,0.245,TRANSITION
2026-01-01 15:52:00,2026-01-01,15,52,0.24,TRANSITION
2026-01-01 15:53:00,2026-01-01,15,53,0.235,TRANSITION
2026-01-01 15:54:00,2026-01-01,15,54,0.23,TRANSITION
2026-01-01 15:55:00,2026-01-01,15,55,0.225,TRANSITION
2026-01-01 15:56:00,2026-01-01,15,56,0.22,TRANSITION
2026-01-01 15:57:00,2026-01-01,15,57,0.215,TRANSITION
2026-01-01 15:58:00,2026-01-01,15,58,0.21,TRANSITION
2026-01-01 15:59:00,2026-01-01,15,59,0.205,TRANSITION
2026-01-01 16:00:00,2026-01-01,16,0,0.2,TRANSITION
2026-01-01 16:01:00,2026-01-01,16,1,0.193,TRANSITION
2026-01-01 16:02:00,2026-01-01,16,2,0.186,TRANSITION
2026-01-01 16:03:00,2026-01-01,16,3,0.179,TRANSITION
2026-01-01 16:04:00,2026-01-01,16,4,0.172,TRANSITION
2026-01-01 16:05:00,2026-01-01,16,5,0.165,TRANSITION
2026-01-01 16:06:00,2026-01-01,16,6,0.158,TRANSITION
2026-01-01 16:07:00,2026-01-01,16,7,0.151,TRANSITION
2026-01-01 16:08:00,2026-01-01,16,8,0.144,TRANSITION
2026-01-01 16:09:00,2026-01-01,16,9,0.137,TRANSITION
2026-01-01 16:10:00,2026-01-01,16,10,0.13,TRANSITION
2026-01-01 16:11:00,2026-01-01,16,11,0.122,TRANSITION
2026-01-01 16:12:00,2026-01-01,16,12,0.115,TRANSITION
2026-01-01 16:13:00,2026-01-01,16,13,0.108,TRANSITION
2026-01-01 16:14:00,2026-01-01,16,14,0.101,TRANSITION
2026-01-01 16:15:00,2026-01-01,16,15,0.094,TRANSITION
2026-01-01 16:16:00,2026-01-01,16,16,0.087,TRANSITION
2026-01-01 16:17:00,2026-01-01,16,17,0.08,TRANSITION
2026-01-01 16:18:00,2026-01-01,16,18,0.073,TRANSITION
2026-01-01 16:19:00,2026-01-01,16,19,0.066,TRANSITION
2026-01-01 16:20:00,2026-01-01,16,20,0.059,TRANSITION
2026-01-01 16:21:00,2026-01-01,16,21,0.052,TRANSITION
2026-01-01 16:22:00,2026-01-01,16,22,0.045,TRANSITION
2026-01-01 16:23:00,2026-01-01,16,23,0.038,TRANSITION
2026-01-01 16:24:00,2026-01-01,16,24,0.031,TRANSITION
2026-01-01 16:25:00,2026-01-01,16,25,0.024,TRANSITION
2026-01-01 16:26:00,2026-01-01,16,26,0.017,TRANSITION
2026-01-01 16:27:00,2026-01-01,16,27,0.01,TRANSITION
2026-01-01 16:28:00,2026-01-01,16,28,0.003,TRANSITION
2026-01-01 16:29:00,2026-01-01,16,29,-0.004,TRANSITION
2026-01-01 16:30:00,2026-01-01,16,30,-0.012,TRANSITION
2026-01-01 16:31:00,2026-01-01,16,31,-0.019,TRANSITION
2026-01-01 16:32:00,2026-01-01,16,32,-0.026,TRANSITION
2026-01-01 16:33:00,2026-01-01,16,33,-0.033,TRANSITION
2026-01-01 16:34:00,2026-01-01,16,34,-0.04,TRANSITION
2026-01-01 16:35:00,2026-01-01,16,35,-0.047,TRANSITION
2026-01-01 16:36:00,2026-01-01,16,36,-0.054,TRANSITION
2026-01-01 16:37:00,2026-01-01,16,37,-0.061,TRANSITION
2026-01-01 16:38:00,2026-01-01,16,38,-0.068,TRANSITION
2026-01-01 16:39:00,2026-01-01,16,39,-0.075,TRANSITION
2026-01-01 16:40:00,2026-01-01,16,40,-0.082,TRANSITION
2026-01-01 16:41:00,2026-01-01,16,41,-0.089,TRANSITION
2026-01-01 16:42:00,2026-01-01,16,42,-0.096,TRANSITION
2026-01-01 16:43:00,2026-01-01,16,43,-0.103,TRANSITION
2026-01-01 16:44:00,2026-01-01,16,44,-0.11,TRANSITION
2026-01-01 16:45:00,2026-01-01,16,45,-0.117,TRANSITION
2026-01-01 16:46:00,2026-01-01,16,46,-0.124,TRANSITION
2026-01-01 16:47:00,2026-01-01,16,47,-0.131,TRANSITION
2026-01-01 16:48:00,2026-01-01,16,48,-0.138,TRANSITION
2026-01-01 16:49:00,2026-01-01,16,49,-0.145,TRANSITION
2026-01-01 16:50:00,2026-01-01,16,50,-0.153,TRANSITION
2026-01-01 16:51:00,2026-01-01,16,51,-0.16,TRANSITION
2026-01-01 16:52:00,2026-01-01,16,52,-0.167,TRANSITION
2026-01-01 16:53:00,2026-01-01,16,53,-0.174,TRANSITION
2026-01-01 16:54:00,2026-01-01,16,54,-0.181,TRANSITION
2026-01-01 16:55:00,2026-01-01,16,55,-0.188,TRANSITION
2026-01-01 16:56:00,2026-01-01,16,56,-0.195,TRANSITION
2026-01-01 16:57:00,2026-01-01,16,57,-0.202,TRANSITION
2026-01-01 16:58:00,2026-01-01,16,58,-0.209,TRANSITION
2026-01-01 16:59:00,2026-01-01,16,59,-0.216,TRANSITION
2026-01-01 17:00:00,2026-01-01,17,0,-0.223,TRANSITION
2026-01-01 17:01:00,2026-01-01,17,1,-0.23,TRANSITION
2026-01-01 17:02:00,2026-01-01,17,2,-0.236,TRANSITION
2026-01-01 17:03:00,2026-01-01,17,3,-0.243,TRANSITION
2026-01-01 17:04:00,2026-01-01,17,4,-0.25,TRANSITION
2026-01-01 17:05:00,2026-01-01,17,5,-0.256,TRANSITION
2026-01-01 17:06:00,2026-01-01,17,6,-0.263,TRANSITION
2026-01-01 17:07:00,2026-01-01,17,7,-0.27,TRANSITION
2026-01-01 17:08:00,2026-01-01,17,8,-0.276,TRANSITION
2026-01-01 17:09:00,2026-01-01,17,9,-0.283,TRANSITION
2026-01-01 17:10:00,2026-01-01,17,10,-0.29,TRANSITION
2026-01-01 17:11:00,2026-01-01,17,11,-0.296,TRANSITION
2026-01-01 17:12:00,2026-01-01,17,12,-0.303,DRY_WORK_WINDOW
2026-01-01 17:13:00,2026-01-01,17,13,-0.31,DRY_WORK_WINDOW
2026-01-01 17:14:00,2026-01-01,17,14,-0.316,DRY_WORK_WINDOW
2026-01-01 17:15:00,2026-01-01,17,15,-0.323,DRY_WORK_WINDOW
2026-01-01 17:16:00,2026-01-01,17,16,-0.33,DRY_WORK_WINDOW
2026-01-01 17:17:00,2026-01-01,17,17,-0.336,DRY_WORK_WINDOW
2026-01-01 17:18:00,2026-01-01,17,18,-0.343,DRY_WORK_WINDOW
2026-01-01 17:19:00,2026-01-01,17,19,-0.35,DRY_WORK_WINDOW
2026-01-01 17:20:00,2026-01-01,17,20,-0.356,DRY_WORK_WINDOW
2026-01-01 17:21:00,2026-01-01,17,21,-0.363,DRY_WORK_WINDOW
2026-01-01 17:22:00,2026-01-01,17,22,-0.37,DRY_WORK_WINDOW
2026-01-01 17:23:00,2026-01-01,17,23,-0.376,DRY_WORK_WINDOW
2026-01-01 17:24:00,2026-01-01,17,24,-0.383,DRY_WORK_WINDOW
2026-01-01 17:25:00,2026-01-01,17,25,-0.39,DRY_WORK_WINDOW
2026-01-01 17:26:00,2026-01-01,17,26,-0.396,DRY_WORK_WINDOW
2026-01-01 17:27:00,2026-01-01,17,27,-0.403,DRY_WORK_WINDOW
2026-01-01 17:28:00,2026-01-01,17,28,-0.41,DRY_WORK_WINDOW
2026-01-01 17:29:00,2026-01-01,17,29,-0.416,DRY_WORK_WINDOW
2026-01-01 17:30:00,2026-01-01,17,30,-0.423,DRY_WORK_WINDOW
2026-01-01 17:31:00,2026-01-01,17,31,-0.43,DRY_WORK_WINDOW
2026-01-01 17:32:00,2026-01-01,17,32,-0.436,DRY_WORK_WINDOW
2026-01-01 17:33:00,2026-01-01,17,33,-0.443,DRY_WORK_WINDOW
2026-01-01 17:34:00,2026-01-01,17,34,-0.45,DRY_WORK_WINDOW
2026-01-01 17:35:00,2026-01-01,17,35,-0.456,DRY_WORK_WINDOW
2026-01-01 17:36:00,2026-01-01,17,36,-0.463,DRY_WORK_WINDOW
2026-01-01 17:37:00,2026-01-01,17,37,-0.47,DRY_WORK_WINDOW
2026-01-01 17:38:00,2026-01-01,17,38,-0.476,DRY_WORK_WINDOW
2026-01-01 17:39:00,2026-01-01,17,39,-0.483,DRY_WORK_WINDOW
2026-01-01 17:40:00,2026-01-01,17,40,-0.49,DRY_WORK_WINDOW
2026-01-01 17:41:00,2026-01-01,17,41,-0.496,DRY_WORK_WINDOW
2026-01-01 17:42:00,2026-01-01,17,42,-0.503,DRY_WORK_WINDOW
2026-01-01 17:43:00,2026-01-01,17,43,-0.51,DRY_WORK_WINDOW
2026-01-01 17:44:00,2026-01-01,17,44,-0.516,DRY_WORK_WINDOW
2026-01-01 17:45:00,2026-01-01,17,45,-0.523,DRY_WORK_WINDOW
2026-01-01 17:46:00,2026-01-01,17,46,-0.53,DRY_WORK_WINDOW
2026-01-01 17:47:00,2026-01-01,17,47,-0.536,DRY_WORK_WINDOW
2026-01-01 17:48:00,2026-01-01,17,48,-0.543,DRY_WORK_WINDOW
2026-01-01 17:49:00,2026-01-01,17,49,-0.55,DRY_WORK_WINDOW
2026-01-01 17:50:00,2026-01-01,17,50,-0.556,DRY_WORK_WINDOW
2026-01-01 17:51:00,2026-01-01,17,51,-0.563,DRY_WORK_WINDOW
2026-01-01 17:52:00,2026-01-01,17,52,-0.57,DRY_WORK_WINDOW
2026-01-01 17:53:00,2026-01-01,17,53,-0.576,DRY_WORK_WINDOW
2026-01-01 17:54:00,2026-01-01,17,54,-0.583,DRY_WORK_WINDOW
2026-01-01 17:55:00,2026-01-01,17,55,-0.59,DRY_WORK_WINDOW
2026-01-01 17:56:00,2026-01-01,17,56,-0.596,DRY_WORK_WINDOW
2026-01-01 17:57:00,2026-01-01,17,57,-0.603,DRY_WORK_WINDOW
2026-01-01 17:58:00,2026-01-01,17,58,-0.61,DRY_WORK_WINDOW
2026-01-01 17:59:00,2026-01-01,17,59,-0.616,DRY_WORK_WINDOW
2026-01-01 18:00:00,2026-01-01,18,0,-0.623,DRY_WORK_WINDOW
2026-01-01 18:01:00,2026-01-01,18,1,-0.628,DRY_WORK_WINDOW
2026-01-01 18:02:00,2026-01-01,18,2,-0.633,DRY_WORK_WINDOW
2026-01-01 18:03:00,2026-01-01,18,3,-0.637,DRY_WORK_WINDOW
2026-01-01 18:04:00,2026-01-01,18,4,-0.642,DRY_WORK_WINDOW
2026-01-01 18:05:00,2026-01-01,18,5,-0.647,DRY_WORK_WINDOW
2026-01-01 18:06:00,2026-01-01,18,6,-0.652,DRY_WORK_WINDOW
2026-01-01 18:07:00,2026-01-01,18,7,-0.657,DRY_WORK_WINDOW
2026-01-01 18:08:00,2026-01-01,18,8,-0.661,DRY_WORK_WINDOW
2026-01-01 18:09:00,2026-01-01,18,9,-0.666,DRY_WORK_WINDOW
2026-01-01 18:10:00,2026-01-01,18,10,-0.671,DRY_WORK_WINDOW
2026-01-01 18:11:00,2026-01-01,18,11,-0.676,DRY_WORK_WINDOW
2026-01-01 18:12:00,2026-01-01,18,12,-0.681,DRY_WORK_WINDOW
2026-01-01 18:13:00,2026-01-01,18,13,-0.685,DRY_WORK_WINDOW
2026-01-01 18:14:00,2026-01-01,18,14,-0.69,DRY_WORK_WINDOW
2026-01-01 18:15:00,2026-01-01,18,15,-0.695,DRY_WORK_WINDOW
2026-01-01 18:16:00,2026-01-01,18,16,-0.7,DRY_WORK_WINDOW
2026-01-01 18:17:00,2026-01-01,18,17,-0.705,DRY_WORK_WINDOW
2026-01-01 18:18:00,2026-01-01,18,18,-0.709,DRY_WORK_WINDOW
2026-01-01 18:19:00,2026-01-01,18,19,-0.714,DRY_WORK_WINDOW
2026-01-01 18:20:00,2026-01-01,18,20,-0.719,DRY_WORK_WINDOW
2026-01-01 18:21:00,2026-01-01,18,21,-0.724,DRY_WORK_WINDOW
2026-01-01 18:22:00,2026-01-01,18,22,-0.729,DRY_WORK_WINDOW
2026-01-01 18:23:00,2026-01-01,18,23,-0.733,DRY_WORK_WINDOW
2026-01-01 18:24:00,2026-01-01,18,24,-0.738,DRY_WORK_WINDOW
2026-01-01 18:25:00,2026-01-01,18,25,-0.743,DRY_WORK_WINDOW
2026-01-01 18:26:00,2026-01-01,18,26,-0.748,DRY_WORK_WINDOW
2026-01-01 18:27:00,2026-01-01,18,27,-0.753,DRY_WORK_WINDOW
2026-01-01 18:28:00,2026-01-01,18,28,-0.757,DRY_WORK_WINDOW
2026-01-01 18:29:00,2026-01-01,18,29,-0.762,DRY_WORK_WINDOW
2026-01-01 18:30:00,2026-01-01,18,30,-0.767,DRY_WORK_WINDOW
2026-01-01 18:31:00,2026-01-01,18,31,-0.772,DRY_WORK_WINDOW
2026-01-01 18:32:00,2026-01-01,18,32,-0.777,DRY_WORK_WINDOW
2026-01-01 18:33:00,2026-01-01,18,33,-0.781,DRY_WORK_WINDOW
2026-01-01 18:34:00,2026-01-01,18,34,-0.786,DRY_WORK_WINDOW
2026-01-01 18:35:00,2026-01-01,18,35,-0.791,DRY_WORK_WINDOW
2026-01-01 18:36:00,2026-01-01,18,36,-0.796,DRY_WORK_WINDOW
2026-01-01 18:37:00,2026-01-01,18,37,-0.801,DRY_WORK_WINDOW
2026-01-01 18:38:00,2026-01-01,18,38,-0.805,DRY_WORK_WINDOW
2026-01-01 18:39:00,2026-01-01,18,39,-0.81,DRY_WORK_WINDOW
2026-01-01 18:40:00,2026-01-01,18,40,-0.815,DRY_WORK_WINDOW
2026-01-01 18:41:00,2026-01-01,18,41,-0.82,DRY_WORK_WINDOW
2026-01-01 18:42:00,2026-01-01,18,42,-0.825,DRY_WORK_WINDOW
2026-01-01 18:43:00,2026-01-01,18,43,-0.829,DRY_WORK_WINDOW
2026-01-01 18:44:00,2026-01-01,18,44,-0.834,DRY_WORK_WINDOW
2026-01-01 18:45:00,2026-01-01,18,45,-0.839,DRY_WORK_WINDOW
2026-01-01 18:46:00,2026-01-01,18,46,-0.844,DRY_WORK_WINDOW
2026-01-01 18:47:00,2026-01-01,18,47,-0.849,DRY_WORK_WINDOW
2026-01-01 18:48:00,2026-01-01,18,48,-0.853,DRY_WORK_WINDOW
2026-01-01 18:49:00,2026-01-01,18,49,-0.858,DRY_WORK_WINDOW
2026-01-01 18:50:00,2026-01-01,18,50,-0.863,DRY_WORK_WINDOW
2026-01-01 18:51:00,2026-01-01,18,51,-0.868,DRY_WORK_WINDOW
2026-01-01 18:52:00,2026-01-01,18,52,-0.873,DRY_WORK_WINDOW
2026-01-01 18:53:00,2026-01-01,18,53,-0.877,DRY_WORK_WINDOW
2026-01-01 18:54:00,2026-01-01,18,54,-0.882,DRY_WORK_WINDOW
2026-01-01 18:55:00,2026-01-01,18,55,-0.887,DRY_WORK_WINDOW
2026-01-01 18:56:00,2026-01-01,18,56,-0.892,DRY_WORK_WINDOW
2026-01-01 18:57:00,2026-01-01,18,57,-0.897,DRY_WORK_WINDOW
2026-01-01 18:58:00,2026-01-01,18,58,-0.901,DRY_WORK_WINDOW
2026-01-01 18:59:00,2026-01-01,18,59,-0.906,DRY_WORK_WINDOW
2026-01-01 19:00:00,2026-01-01,19,0,-0.911,DRY_WORK_WINDOW
2026-01-01 19:01:00,2026-01-01,19,1,-0.915,DRY_WORK_WINDOW
2026-01-01 19:02:00,2026-01-01,19,2,-0.918,DRY_WORK_WINDOW
2026-01-01 19:03:00,2026-01-01,19,3,-0.922,DRY_WORK_WINDOW
2026-01-01 19:04:00,2026-01-01,19,4,-0.926,DRY_WORK_WINDOW
2026-01-01 19:05:00,2026-01-01,19,5,-0.93,DRY_WORK_WINDOW
2026-01-01 19:06:00,2026-01-01,19,6,-0.933,DRY_WORK_WINDOW
2026-01-01 19:07:00,2026-01-01,19,7,-0.937,DRY_WORK_WINDOW
2026-01-01 19:08:00,2026-01-01,19,8,-0.941,DRY_WORK_WINDOW
2026-01-01 19:09:00,2026-01-01,19,9,-0.944,DRY_WORK_WINDOW
2026-01-01 19:10:00,2026-01-01,19,10,-0.948,DRY_WORK_WINDOW
2026-01-01 19:11:00,2026-01-01,19,11,-0.952,DRY_WORK_WINDOW
2026-01-01 19:12:00,2026-01-01,19,12,-0.956,DRY_WORK_WINDOW
2026-01-01 19:13:00,2026-01-01,19,13,-0.959,DRY_WORK_WINDOW
2026-01-01 19:14:00,2026-01-01,19,14,-0.963,DRY_WORK_WINDOW
2026-01-01 19:15:00,2026-01-01,19,15,-0.967,DRY_WORK_WINDOW
2026-01-01 19:16:00,2026-01-01,19,16,-0.97,DRY_WORK_WINDOW
2026-01-01 19:17:00,2026-01-01,19,17,-0.974,DRY_WORK_WINDOW
2026-01-01 19:18:00,2026-01-01,19,18,-0.978,DRY_WORK_WINDOW
2026-01-01 19:19:00,2026-01-01,19,19,-0.982,DRY_WORK_WINDOW
2026-01-01 19:20:00,2026-01-01,19,20,-0.985,DRY_WORK_WINDOW
2026-01-01 19:21:00,2026-01-01,19,21,-0.989,DRY_WORK_WINDOW
2026-01-01 19:22:00,2026-01-01,19,22,-0.993,DRY_WORK_WINDOW
2026-01-01 19:23:00,2026-01-01,19,23,-0.996,DRY_WORK_WINDOW
2026-01-01 19:24:00,2026-01-01,19,24,-1.0,DRY_WORK_WINDOW
2026-01-01 19:25:00,2026-01-01,19,25,-1.004,DRY_WORK_WINDOW
2026-01-01 19:26:00,2026-01-01,19,26,-1.008,DRY_WORK_WINDOW
2026-01-01 19:27:00,2026-01-01,19,27,-1.011,DRY_WORK_WINDOW
2026-01-01 19:28:00,2026-01-01,19,28,-1.015,DRY_WORK_WINDOW
2026-01-01 19:29:00,2026-01-01,19,29,-1.019,DRY_WORK_WINDOW
2026-01-01 19:30:00,2026-01-01,19,30,-1.022,DRY_WORK_WINDOW
2026-01-01 19:31:00,2026-01-01,19,31,-1.026,DRY_WORK_WINDOW
2026-01-01 19:32:00,2026-01-01,19,32,-1.03,DRY_WORK_WINDOW
2026-01-01 19:33:00,2026-01-01,19,33,-1.034,DRY_WORK_WINDOW
2026-01-01 19:34:00,2026-01-01,19,34,-1.037,DRY_WORK_WINDOW
2026-01-01 19:35:00,2026-01-01,19,35,-1.041,DRY_WORK_WINDOW
2026-01-01 19:36:00,2026-01-01,19,36,-1.045,DRY_WORK_WINDOW
2026-01-01 19:37:00,2026-01-01,19,37,-1.049,DRY_WORK_WINDOW
2026-01-01 19:38:00,2026-01-01,19,38,-1.052,DRY_WORK_WINDOW
2026-01-01 19:39:00,2026-01-01,19,39,-1.056,DRY_WORK_WINDOW
2026-01-01 19:40:00,2026-01-01,19,40,-1.06,DRY_WORK_WINDOW
2026-01-01 19:41:00,2026-01-01,19,41,-1.063,DRY_WORK_WINDOW
2026-01-01 19:42:00,2026-01-01,19,42,-1.067,DRY_WORK_WINDOW
2026-01-01 19:43:00,2026-01-01,19,43,-1.071,DRY_WORK_WINDOW
2026-01-01 19:44:00,2026-01-01,19,44,-1.075,DRY_WORK_WINDOW
2026-01-01 19:45:00,2026-01-01,19,45,-1.078,DRY_WORK_WINDOW
2026-01-01 19:46:00,2026-01-01,19,46,-1.082,DRY_WORK_WINDOW
2026-01-01 19:47:00,2026-01-01,19,47,-1.086,DRY_WORK_WINDOW
2026-01-01 19:48:00,2026-01-01,19,48,-1.089,DRY_WORK_WINDOW
2026-01-01 19:49:00,2026-01-01,19,49,-1.093,DRY_WORK_WINDOW
2026-01-01 19:50:00,2026-01-01,19,50,-1.097,DRY_WORK_WINDOW
2026-01-01 19:51:00,2026-01-01,19,51,-1.101,DRY_WORK_WINDOW
2026-01-01 19:52:00,2026-01-01,19,52,-1.104,DRY_WORK_WINDOW
2026-01-01 19:53:00,2026-01-01,19,53,-1.108,DRY_WORK_WINDOW
2026-01-01 19:54:00,2026-01-01,19,54,-1.112,DRY_WORK_WINDOW
2026-01-01 19:55:00,2026-01-01,19,55,-1.115,DRY_WORK_WINDOW
2026-01-01 19:56:00,2026-01-01,19,56,-1.119,DRY_WORK_WINDOW
2026-01-01 19:57:00,2026-01-01,19,57,-1.123,DRY_WORK_WINDOW
2026-01-01 19:58:00,2026-01-01,19,58,-1.127,DRY_WORK_WINDOW
2026-01-01 19:59:00,2026-01-01,19,59,-1.13,DRY_WORK_WINDOW
2026-01-01 20:00:00,2026-01-01,20,0,-1.134,DRY_WORK_WINDOW
2026-01-01 20:01:00,2026-01-01,20,1,-1.136,DRY_WORK_WINDOW
2026-01-01 20:02:00,2026-01-01,20,2,-1.137,DRY_WORK_WINDOW
2026-01-01 20:03:00,2026-01-01,20,3,-1.139,DRY_WORK_WINDOW
2026-01-01 20:04:00,2026-01-01,20,4,-1.141,DRY_WORK_WINDOW
2026-01-01 20:05:00,2026-01-01,20,5,-1.142,DRY_WORK_WINDOW
2026-01-01 20:06:00,2026-01-01,20,6,-1.144,DRY_WORK_WINDOW
2026-01-01 20:07:00,2026-01-01,20,7,-1.146,DRY_WORK_WINDOW
2026-01-01 20:08:00,2026-01-01,20,8,-1.147,DRY_WORK_WINDOW
2026-01-01 20:09:00,2026-01-01,20,9,-1.149,DRY_WORK_WINDOW
2026-01-01 20:10:00,2026-01-01,20,10,-1.151,DRY_WORK_WINDOW
2026-01-01 20:11:00,2026-01-01,20,11,-1.152,DRY_WORK_WINDOW
2026-01-01 20:12:00,2026-01-01,20,12,-1.154,DRY_WORK_WINDOW
2026-01-01 20:13:00,2026-01-01,20,13,-1.156,DRY_WORK_WINDOW
2026-01-01 20:14:00,2026-01-01,20,14,-1.157,DRY_WORK_WINDOW
2026-01-01 20:15:00,2026-01-01,20,15,-1.159,DRY_WORK_WINDOW
2026-01-01 20:16:00,2026-01-01,20,16,-1.161,DRY_WORK_WINDOW
2026-01-01 20:17:00,2026-01-01,20,17,-1.162,DRY_WORK_WINDOW
2026-01-01 20:18:00,2026-01-01,20,18,-1.164,DRY_WORK_WINDOW
2026-01-01 20:19:00,2026-01-01,20,19,-1.166,DRY_WORK_WINDOW
2026-01-01 20:20:00,2026-01-01,20,20,-1.167,DRY_WORK_WINDOW
2026-01-01 20:21:00,2026-01-01,20,21,-1.169,DRY_WORK_WINDOW
2026-01-01 20:22:00,2026-01-01,20,22,-1.171,DRY_WORK_WINDOW
2026-01-01 20:23:00,2026-01-01,20,23,-1.172,DRY_WORK_WINDOW
2026-01-01 20:24:00,2026-01-01,20,24,-1.174,DRY_WORK_WINDOW
2026-01-01 20:25:00,2026-01-01,20,25,-1.176,DRY_WORK_WINDOW
2026-01-01 20:26:00,2026-01-01,20,26,-1.177,DRY_WORK_WINDOW
2026-01-01 20:27:00,2026-01-01,20,27,-1.179,DRY_WORK_WINDOW
2026-01-01 20:28:00,2026-01-01,20,28,-1.181,DRY_WORK_WINDOW
2026-01-01 20:29:00,2026-01-01,20,29,-1.182,DRY_WORK_WINDOW
2026-01-01 20:30:00,2026-01-01,20,30,-1.184,DRY_WORK_WINDOW
2026-01-01 20:31:00,2026-01-01,20,31,-1.186,DRY_WORK_WINDOW
2026-01-01 20:32:00,2026-01-01,20,32,-1.187,DRY_WORK_WINDOW
2026-01-01 20:33:00,2026-01-01,20,33,-1.189,DRY_WORK_WINDOW
2026-01-01 20:34:00,2026-01-01,20,34,-1.191,DRY_WORK_WINDOW
2026-01-01 20:35:00,2026-01-01,20,35,-1.192,DRY_WORK_WINDOW
2026-01-01 20:36:00,2026-01-01,20,36,-1.194,DRY_WORK_WINDOW
2026-01-01 20:37:00,2026-01-01,20,37,-1.196,DRY_WORK_WINDOW
2026-01-01 20:38:00,2026-01-01,20,38,-1.197,DRY_WORK_WINDOW
2026-01-01 20:39:00,2026-01-01,20,39,-1.199,DRY_WORK_WINDOW
2026-01-01 20:40:00,2026-01-01,20,40,-1.201,DRY_WORK_WINDOW
2026-01-01 20:41:00,2026-01-01,20,41,-1.202,DRY_WORK_WINDOW
2026-01-01 20:42:00,2026-01-01,20,42,-1.204,DRY_WORK_WINDOW
2026-01-01 20:43:00,2026-01-01,20,43,-1.206,DRY_WORK_WINDOW
2026-01-01 20:44:00,2026-01-01,20,44,-1.207,DRY_WORK_WINDOW
2026-01-01 20:45:00,2026-01-01,20,45,-1.209,DRY_WORK_WINDOW
2026-01-01 20:46:00,2026-01-01,20,46,-1.211,DRY_WORK_WINDOW
2026-01-01 20:47:00,2026-01-01,20,47,-1.212,DRY_WORK_WINDOW
2026-01-01 20:48:00,2026-01-01,20,48,-1.214,DRY_WORK_WINDOW
2026-01-01 20:49:00,2026-01-01,20,49,-1.216,DRY_WORK_WINDOW
2026-01-01 20:50:00,2026-01-01,20,50,-1.217,DRY_WORK_WINDOW
2026-01-01 20:51:00,2026-01-01,20,51,-1.219,DRY_WORK_WINDOW
2026-01-01 20:52:00,2026-01-01,20,52,-1.221,DRY_WORK_WINDOW
2026-01-01 20:53:00,2026-01-01,20,53,-1.222,DRY_WORK_WINDOW
2026-01-01 20:54:00,2026-01-01,20,54,-1.224,DRY_WORK_WINDOW
2026-01-01 20:55:00,2026-01-01,20,55,-1.226,DRY_WORK_WINDOW
2026-01-01 20:56:00,2026-01-01,20,56,-1.227,DRY_WORK_WINDOW
2026-01-01 20:57:00,2026-01-01,20,57,-1.229,DRY_WORK_WINDOW
2026-01-01 20:58:00,2026-01-01,20,58,-1.231,DRY_WORK_WINDOW
2026-01-01 20:59:00,2026-01-01,20,59,-1.232,DRY_WORK_WINDOW
2026-01-01 21:00:00,2026-01-01,21,0,-1.234,DRY_WORK_WINDOW
2026-01-01 21:01:00,2026-01-01,21,1,-1.234,DRY_WORK_WINDOW
2026-01-01 21:02:00,2026-01-01,21,2,-1.234,DRY_WORK_WINDOW
2026-01-01 21:03:00,2026-01-01,21,3,-1.234,DRY_WORK_WINDOW
2026-01-01 21:04:00,2026-01-01,21,4,-1.234,DRY_WORK_WINDOW
2026-01-01 21:05:00,2026-01-01,21,5,-1.234,DRY_WORK_WINDOW
2026-01-01 21:06:00,2026-01-01,21,6,-1.234,DRY_WORK_WINDOW
2026-01-01 21:07:00,2026-01-01,21,7,-1.234,DRY_WORK_WINDOW
2026-01-01 21:08:00,2026-01-01,21,8,-1.234,DRY_WORK_WINDOW
2026-01-01 21:09:00,2026-01-01,21,9,-1.234,DRY_WORK_WINDOW
2026-01-01 21:10:00,2026-01-01,21,10,-1.234,DRY_WORK_WINDOW
2026-01-01 21:11:00,2026-01-01,21,11,-1.234,DRY_WORK_WINDOW
2026-01-01 21:12:00,2026-01-01,21,12,-1.234,DRY_WORK_WINDOW
2026-01-01 21:13:00,2026-01-01,21,13,-1.234,DRY_WORK_WINDOW
2026-01-01 21:14:00,2026-01-01,21,14,-1.234,DRY_WORK_WINDOW
2026-01-01 21:15:00,2026-01-01,21,15,-1.234,DRY_WORK_WINDOW
2026-01-01 21:16:00,2026-01-01,21,16,-1.234,DRY_WORK_WINDOW
2026-01-01 21:17:00,2026-01-01,21,17,-1.234,DRY_WORK_WINDOW
2026-01-01 21:18:00,2026-01-01,21,18,-1.234,DRY_WORK_WINDOW
2026-01-01 21:19:00,2026-01-01,21,19,-1.234,DRY_WORK_WINDOW
2026-01-01 21:20:00,2026-01-01,21,20,-1.234,DRY_WORK_WINDOW
2026-01-01 21:21:00,2026-01-01,21,21,-1.234,DRY_WORK_WINDOW
2026-01-01 21:22:00,2026-01-01,21,22,-1.234,DRY_WORK_WINDOW
2026-01-01 21:23:00,2026-01-01,21,23,-1.234,DRY_WORK_WINDOW
2026-01-01 21:24:00,2026-01-01,21,24,-1.234,DRY_WORK_WINDOW
2026-01-01 21:25:00,2026-01-01,21,25,-1.234,DRY_WORK_WINDOW
2026-01-01 21:26:00,2026-01-01,21,26,-1.234,DRY_WORK_WINDOW
2026-01-01 21:27:00,2026-01-01,21,27,-1.234,DRY_WORK_WINDOW
2026-01-01 21:28:00,2026-01-01,21,28,-1.234,DRY_WORK_WINDOW
2026-01-01 21:29:00,2026-01-01,21,29,-1.234,DRY_WORK_WINDOW
2026-01-01 21:30:00,2026-01-01,21,30,-1.234,DRY_WORK_WINDOW
2026-01-01 21:31:00,2026-01-01,21,31,-1.234,DRY_WORK_WINDOW
2026-01-01 21:32:00,2026-01-01,21,32,-1.234,DRY_WORK_WINDOW
2026-01-01 21:33:00,2026-01-01,21,33,-1.234,DRY_WORK_WINDOW
2026-01-01 21:34:00,2026-01-01,21,34,-1.234,DRY_WORK_WINDOW
2026-01-01 21:35:00,2026-01-01,21,35,-1.234,DRY_WORK_WINDOW
2026-01-01 21:36:00,2026-01-01,21,36,-1.234,DRY_WORK_WINDOW
2026-01-01 21:37:00,2026-01-01,21,37,-1.234,DRY_WORK_WINDOW
2026-01-01 21:38:00,2026-01-01,21,38,-1.234,DRY_WORK_WINDOW
2026-01-01 21:39:00,2026-01-01,21,39,-1.234,DRY_WORK_WINDOW
2026-01-01 21:40:00,2026-01-01,21,40,-1.234,DRY_WORK_WINDOW
2026-01-01 21:41:00,2026-01-01,21,41,-1.234,DRY_WORK_WINDOW
2026-01-01 21:42:00,2026-01-01,21,42,-1.234,DRY_WORK_WINDOW
2026-01-01 21:43:00,2026-01-01,21,43,-1.234,DRY_WORK_WINDOW
2026-01-01 21:44:00,2026-01-01,21,44,-1.234,DRY_WORK_WINDOW
2026-01-01 21:45:00,2026-01-01,21,45,-1.234,DRY_WORK_WINDOW
2026-01-01 21:46:00,2026-01-01,21,46,-1.234,DRY_WORK_WINDOW
2026-01-01 21:47:00,2026-01-01,21,47,-1.234,DRY_WORK_WINDOW
2026-01-01 21:48:00,2026-01-01,21,48,-1.234,DRY_WORK_WINDOW
2026-01-01 21:49:00,2026-01-01,21,49,-1.234,DRY_WORK_WINDOW
2026-01-01 21:50:00,2026-01-01,21,50,-1.234,DRY_WORK_WINDOW
2026-01-01 21:51:00,2026-01-01,21,51,-1.234,DRY_WORK_WINDOW
2026-01-01 21:52:00,2026-01-01,21,52,-1.234,DRY_WORK_WINDOW
2026-01-01 21:53:00,2026-01-01,21,53,-1.234,DRY_WORK_WINDOW
2026-01-01 21:54:00,2026-01-01,21,54,-1.234,DRY_WORK_WINDOW
2026-01-01 21:55:00,2026-01-01,21,55,-1.234,DRY_WORK_WINDOW
2026-01-01 21:56:00,2026-01-01,21,56,-1.234,DRY_WORK_WINDOW
2026-01-01 21:57:00,2026-01-01,21,57,-1.234,DRY_WORK_WINDOW
2026-01-01 21:58:00,2026-01-01,21,58,-1.234,DRY_WORK_WINDOW
2026-01-01 21:59:00,2026-01-01,21,59,-1.234,DRY_WORK_WINDOW
2026-01-01 22:00:00,2026-01-01,22,0,-1.234,DRY_WORK_WINDOW
2026-01-01 22:01:00,2026-01-01,22,1,-1.232,DRY_WORK_WINDOW
2026-01-01 22:02:00,2026-01-01,22,2,-1.229,DRY_WORK_WINDOW
2026-01-01 22:03:00,2026-01-01,22,3,-1.227,DRY_WORK_WINDOW
2026-01-01 22:04:00,2026-01-01,22,4,-1.224,DRY_WORK_WINDOW
2026-01-01 22:05:00,2026-01-01,22,5,-1.222,DRY_WORK_WINDOW
2026-01-01 22:06:00,2026-01-01,22,6,-1.22,DRY_WORK_WINDOW
2026-01-01 22:07:00,2026-01-01,22,7,-1.217,DRY_WORK_WINDOW
2026-01-01 22:08:00,2026-01-01,22,8,-1.215,DRY_WORK_WINDOW
2026-01-01 22:09:00,2026-01-01,22,9,-1.212,DRY_WORK_WINDOW
2026-01-01 22:10:00,2026-01-01,22,10,-1.21,DRY_WORK_WINDOW
2026-01-01 22:11:00,2026-01-01,22,11,-1.207,DRY_WORK_WINDOW
2026-01-01 22:12:00,2026-01-01,22,12,-1.205,DRY_WORK_WINDOW
2026-01-01 22:13:00,2026-01-01,22,13,-1.203,DRY_WORK_WINDOW
2026-01-01 22:14:00,2026-01-01,22,14,-1.2,DRY_WORK_WINDOW
2026-01-01 22:15:00,2026-01-01,22,15,-1.198,DRY_WORK_WINDOW
2026-01-01 22:16:00,2026-01-01,22,16,-1.195,DRY_WORK_WINDOW
2026-01-01 22:17:00,2026-01-01,22,17,-1.193,DRY_WORK_WINDOW
2026-01-01 22:18:00,2026-01-01,22,18,-1.19,DRY_WORK_WINDOW
2026-01-01 22:19:00,2026-01-01,22,19,-1.188,DRY_WORK_WINDOW
2026-01-01 22:20:00,2026-01-01,22,20,-1.186,DRY_WORK_WINDOW
2026-01-01 22:21:00,2026-01-01,22,21,-1.183,DRY_WORK_WINDOW
2026-01-01 22:22:00,2026-01-01,22,22,-1.181,DRY_WORK_WINDOW
2026-01-01 22:23:00,2026-01-01,22,23,-1.178,DRY_WORK_WINDOW
2026-01-01 22:24:00,2026-01-01,22,24,-1.176,DRY_WORK_WINDOW
2026-01-01 22:25:00,2026-01-01,22,25,-1.174,DRY_WORK_WINDOW
2026-01-01 22:26:00,2026-01-01,22,26,-1.171,DRY_WORK_WINDOW
2026-01-01 22:27:00,2026-01-01,22,27,-1.169,DRY_WORK_WINDOW
2026-01-01 22:28:00,2026-01-01,22,28,-1.166,DRY_WORK_WINDOW
2026-01-01 22:29:00,2026-01-01,22,29,-1.164,DRY_WORK_WINDOW
2026-01-01 22:30:00,2026-01-01,22,30,-1.161,DRY_WORK_WINDOW
2026-01-01 22:31:00,2026-01-01,22,31,-1.159,DRY_WORK_WINDOW
2026-01-01 22:32:00,2026-01-01,22,32,-1.157,DRY_WORK_WINDOW
2026-01-01 22:33:00,2026-01-01,22,33,-1.154,DRY_WORK_WINDOW
2026-01-01 22:34:00,2026-01-01,22,34,-1.152,DRY_WORK_WINDOW
2026-01-01 22:35:00,2026-01-01,22,35,-1.149,DRY_WORK_WINDOW
2026-01-01 22:36:00,2026-01-01,22,36,-1.147,DRY_WORK_WINDOW
2026-01-01 22:37:00,2026-01-01,22,37,-1.145,DRY_WORK_WINDOW
2026-01-01 22:38:00,2026-01-01,22,38,-1.142,DRY_WORK_WINDOW
2026-01-01 22:39:00,2026-01-01,22,39,-1.14,DRY_WORK_WINDOW
2026-01-01 22:40:00,2026-01-01,22,40,-1.137,DRY_WORK_WINDOW
2026-01-01 22:41:00,2026-01-01,22,41,-1.135,DRY_WORK_WINDOW
2026-01-01 22:42:00,2026-01-01,22,42,-1.133,DRY_WORK_WINDOW
2026-01-01 22:43:00,2026-01-01,22,43,-1.13,DRY_WORK_WINDOW
2026-01-01 22:44:00,2026-01-01,22,44,-1.128,DRY_WORK_WINDOW
2026-01-01 22:45:00,2026-01-01,22,45,-1.125,DRY_WORK_WINDOW
2026-01-01 22:46:00,2026-01-01,22,46,-1.123,DRY_WORK_WINDOW
2026-01-01 22:47:00,2026-01-01,22,47,-1.12,DRY_WORK_WINDOW
2026-01-01 22:48:00,2026-01-01,22,48,-1.118,DRY_WORK_WINDOW
2026-01-01 22:49:00,2026-01-01,22,49,-1.116,DRY_WORK_WINDOW
2026-01-01 22:50:00,2026-01-01,22,50,-1.113,DRY_WORK_WINDOW
2026-01-01 22:51:00,2026-01-01,22,51,-1.111,DRY_WORK_WINDOW
2026-01-01 22:52:00,2026-01-01,22,52,-1.108,DRY_WORK_WINDOW
2026-01-01 22:53:00,2026-01-01,22,53,-1.106,DRY_WORK_WINDOW
2026-01-01 22:54:00,2026-01-01,22,54,-1.103,DRY_WORK_WINDOW
2026-01-01 22:55:00,2026-01-01,22,55,-1.101,DRY_WORK_WINDOW
2026-01-01 22:56:00,2026-01-01,22,56,-1.099,DRY_WORK_WINDOW
2026-01-01 22:57:00,2026-01-01,22,57,-1.096,DRY_WORK_WINDOW
2026-01-01 22:58:00,2026-01-01,22,58,-1.094,DRY_WORK_WINDOW
2026-01-01 22:59:00,2026-01-01,22,59,-1.091,DRY_WORK_WINDOW
2026-01-01 23:00:00,2026-01-01,23,0,-1.089,DRY_WORK_WINDOW
2026-01-01 23:01:00,2026-01-01,23,1,-1.084,DRY_WORK_WINDOW
2026-01-01 23:02:00,2026-01-01,23,2,-1.079,DRY_WORK_WINDOW
2026-01-01 23:03:00,2026-01-01,23,3,-1.074,DRY_WORK_WINDOW
2026-01-01 23:04:00,2026-01-01,23,4,-1.069,DRY_WORK_WINDOW
2026-01-01 23:05:00,2026-01-01,23,5,-1.064,DRY_WORK_WINDOW
2026-01-01 23:06:00,2026-01-01,23,6,-1.059,DRY_WORK_WINDOW
2026-01-01 23:07:00,2026-01-01,23,7,-1.054,DRY_WORK_WINDOW
2026-01-01 23:08:00,2026-01-01,23,8,-1.049,DRY_WORK_WINDOW
2026-01-01 23:09:00,2026-01-01,23,9,-1.044,DRY_WORK_WINDOW
2026-01-01 23:10:00,2026-01-01,23,10,-1.039,DRY_WORK_WINDOW
2026-01-01 23:11:00,2026-01-01,23,11,-1.034,DRY_WORK_WINDOW
2026-01-01 23:12:00,2026-01-01,23,12,-1.029,DRY_WORK_WINDOW
2026-01-01 23:13:00,2026-01-01,23,13,-1.024,DRY_WORK_WINDOW
2026-01-01 23:14:00,2026-01-01,23,14,-1.019,DRY_WORK_WINDOW
2026-01-01 23:15:00,2026-01-01,23,15,-1.014,DRY_WORK_WINDOW
2026-01-01 23:16:00,2026-01-01,23,16,-1.009,DRY_WORK_WINDOW
2026-01-01 23:17:00,2026-01-01,23,17,-1.004,DRY_WORK_WINDOW
2026-01-01 23:18:00,2026-01-01,23,18,-0.999,DRY_WORK_WINDOW
2026-01-01 23:19:00,2026-01-01,23,19,-0.994,DRY_WORK_WINDOW
2026-01-01 23:20:00,2026-01-01,23,20,-0.989,DRY_WORK_WINDOW
2026-01-01 23:21:00,2026-01-01,23,21,-0.984,DRY_WORK_WINDOW
2026-01-01 23:22:00,2026-01-01,23,22,-0.979,DRY_WORK_WINDOW
2026-01-01 23:23:00,2026-01-01,23,23,-0.974,DRY_WORK_WINDOW
2026-01-01 23:24:00,2026-01-01,23,24,-0.969,DRY_WORK_WINDOW
2026-01-01 23:25:00,2026-01-01,23,25,-0.964,DRY_WORK_WINDOW
2026-01-01 23:26:00,2026-01-01,23,26,-0.959,DRY_WORK_WINDOW
2026-01-01 23:27:00,2026-01-01,23,27,-0.954,DRY_WORK_WINDOW
2026-01-01 23:28:00,2026-01-01,23,28,-0.949,DRY_WORK_WINDOW
2026-01-01 23:29:00,2026-01-01,23,29,-0.944,DRY_WORK_WINDOW
2026-01-01 23:30:00,2026-01-01,23,30,-0.939,DRY_WORK_WINDOW
2026-01-01 23:31:00,2026-01-01,23,31,-0.934,DRY_WORK_WINDOW
2026-01-01 23:32:00,2026-01-01,23,32,-0.929,DRY_WORK_WINDOW
2026-01-01 23:33:00,2026-01-01,23,33,-0.924,DRY_WORK_WINDOW
2026-01-01 23:34:00,2026-01-01,23,34,-0.919,DRY_WORK_WINDOW
2026-01-01 23:35:00,2026-01-01,23,35,-0.914,DRY_WORK_WINDOW
2026-01-01 23:36:00,2026-01-01,23,36,-0.909,DRY_WORK_WINDOW
2026-01-01 23:37:00,2026-01-01,23,37,-0.904,DRY_WORK_WINDOW
2026-01-01 23:38:00,2026-01-01,23,38,-0.899,DRY_WORK_WINDOW
2026-01-01 23:39:00,2026-01-01,23,39,-0.894,DRY_WORK_WINDOW
2026-01-01 23:40:00,2026-01-01,23,40,-0.889,DRY_WORK_WINDOW
2026-01-01 23:41:00,2026-01-01,23,41,-0.884,DRY_WORK_WINDOW
2026-01-01 23:42:00,2026-01-01,23,42,-0.879,DRY_WORK_WINDOW
2026-01-01 23:43:00,2026-01-01,23,43,-0.874,DRY_WORK_WINDOW
2026-01-01 23:44:00,2026-01-01,23,44,-0.869,DRY_WORK_WINDOW
2026-01-01 23:45:00,2026-01-01,23,45,-0.864,DRY_WORK_WINDOW
2026-01-01 23:46:00,2026-01-01,23,46,-0.859,DRY_WORK_WINDOW
2026-01-01 23:47:00,2026-01-01,23,47,-0.854,DRY_WORK_WINDOW
2026-01-01 23:48:00,2026-01-01,23,48,-0.849,DRY_WORK_WINDOW
2026-01-01 23:49:00,2026-01-01,23,49,-0.844,DRY_WORK_WINDOW
2026-01-01 23:50:00,2026-01-01,23,50,-0.839,DRY_WORK_WINDOW
2026-01-01 23:51:00,2026-01-01,23,51,-0.834,DRY_WORK_WINDOW
2026-01-01 23:52:00,2026-01-01,23,52,-0.829,DRY_WORK_WINDOW
2026-01-01 23:53:00,2026-01-01,23,53,-0.824,DRY_WORK_WINDOW
2026-01-01 23:54:00,2026-01-01,23,54,-0.819,DRY_WORK_WINDOW
2026-01-01 23:55:00,2026-01-01,23,55,-0.814,DRY_WORK_WINDOW
2026-01-01 23:56:00,2026-01-01,23,56,-0.809,DRY_WORK_WINDOW
2026-01-01 23:57:00,2026-01-01,23,57,-0.804,DRY_WORK_WINDOW
2026-01-01 23:58:00,2026-01-01,23,58,-0.799,DRY_WORK_WINDOW
2026-01-01 23:59:00,2026-01-01,23,59,-0.794,DRY_WORK_WINDOW
